property_id,title,price,address,details_link,image_url,property_type,bedroom_icon,no_of_bedrooms,bathroom_icon,no_of_bathrooms,span_count
149435132,3 bedroom terraced house for sale,"£450,000","Palmerston Street, Romsey, Hampshire",https://www.rightmove.co.uk/properties/149435132#/?channel=RES_BUY,https://media.rightmove.co.uk:443/dir/crop/10:9-16:9/9k/8764/149435132/8764_ROM240199_IMG_00_0000_max_476x317.jpeg,N/A,N,NULL,N,NULL,0
145499750,4 bedroom detached house for sale,"£1,500,000","Belbins, Romsey, Hampshire",https://www.rightmove.co.uk/properties/145499750#/?channel=RES_BUY,https://media.rightmove.co.uk:443/dir/crop/10:9-16:9/9k/8764/145499750/8764_ROM220428_IMG_00_0000_max_476x317.jpeg,N/A,N,NULL,N,NULL,0
150269429,4 bedroom detached house for sale,"£1,100,000","Canada Road, West Wellow, Romsey, Hampshire",https://www.rightmove.co.uk/properties/150269429#/?channel=RES_BUY,https://media.rightmove.co.uk:443/dir/crop/10:9-16:9/9k/8764/150269429/8764_ROM240358_IMG_00_0000_max_476x317.jpeg,N/A,N,NULL,N,NULL,0
148538480,5 bedroom detached house for sale,"£1,000,000","Oxlease Meadows, Romsey, Hampshire",https://www.rightmove.co.uk/properties/148538480#/?channel=RES_BUY,https://media.rightmove.co.uk:443/dir/crop/10:9-16:9/9k/8764/148538480/8764_ROM240314_IMG_15_0001_max_476x317.jpeg,N/A,N,NULL,N,NULL,0
147447050,5 bedroom detached house for sale,"£875,000","Abbess Close, Romsey, Hampshire",https://www.rightmove.co.uk/properties/147447050#/?channel=RES_BUY,https://media.rightmove.co.uk:443/dir/crop/10:9-16:9/9k/8764/147447050/8764_ROM240231_IMG_00_0000_max_476x317.jpeg,N/A,N,NULL,N,NULL,0
147197999,4 bedroom detached house for sale,"£875,000","Cupernham Lane, Romsey, Hampshire",https://www.rightmove.co.uk/properties/147197999#/?channel=RES_BUY,https://media.rightmove.co.uk:443/dir/crop/10:9-16:9/9k/8764/147197999/8764_ROM240191_IMG_00_0000_max_476x317.jpeg,N/A,N,NULL,N,NULL,0
151006877,4 bedroom detached bungalow for sale,"£850,000","Whinwhistle Road, East Wellow, Romsey, Hampshire",https://www.rightmove.co.uk/properties/151006877#/?channel=RES_BUY,https://media.rightmove.co.uk:443/dir/crop/10:9-16:9/9k/8764/151006877/8764_ROM240444_IMG_00_0000_max_476x317.jpeg,N/A,N,NULL,N,NULL,0
143293808,5 bedroom detached house for sale,"£800,000","Tithe Mead, Romsey, Hampshire",https://www.rightmove.co.uk/properties/143293808#/?channel=RES_BUY,https://media.rightmove.co.uk:443/dir/crop/10:9-16:9/9k/8764/143293808/8764_ROM230347_IMG_16_0000_max_476x317.jpeg,N/A,N,NULL,N,NULL,0
148871330,4 bedroom detached house for sale,"£800,000","Newtown Road, Awbridge, Romsey, Hampshire",https://www.rightmove.co.uk/properties/148871330#/?channel=RES_BUY,https://media.rightmove.co.uk:443/dir/crop/10:9-16:9/9k/8764/148871330/8764_ROM240266_IMG_00_0000_max_476x317.jpeg,N/A,N,NULL,N,NULL,0
148454312,4 bedroom detached house for sale,"£800,000","Butteridge Rise, Awbridge, Romsey, Hampshire",https://www.rightmove.co.uk/properties/148454312#/?channel=RES_BUY,https://media.rightmove.co.uk:443/dir/crop/10:9-16:9/9k/8764/148454312/8764_ROM230259_IMG_00_0000_max_476x317.jpeg,N/A,N,NULL,N,NULL,0
86937615,5 bedroom detached house for sale,"£800,000","Sequoia Lane, Braishfield, Romsey, Hampshire",https://www.rightmove.co.uk/properties/86937615#/?channel=RES_BUY,https://media.rightmove.co.uk:443/dir/crop/10:9-16:9/9k/8764/86937615/8764_ROM240394_IMG_00_0000_max_476x317.jpeg,N/A,N,NULL,N,NULL,0
150602927,4 bedroom detached bungalow for sale,"£800,000","Canada Common, West Wellow, Romsey, Hampshire",https://www.rightmove.co.uk/properties/150602927#/?channel=RES_BUY,https://media.rightmove.co.uk:443/dir/crop/10:9-16:9/9k/8764/150602927/8764_ROM240409_IMG_00_0000_max_476x317.jpeg,N/A,N,NULL,N,NULL,0
144063443,4 bedroom detached house for sale,"£800,000","The Frenches, East Wellow, Romsey, Hampshire",https://www.rightmove.co.uk/properties/144063443#/?channel=RES_BUY,https://media.rightmove.co.uk:443/dir/crop/10:9-16:9/9k/8764/144063443/8764_ROM240031_IMG_00_0000_max_476x317.jpeg,N/A,N,NULL,N,NULL,0
149560703,5 bedroom detached house for sale,"£800,000","Newtown Road, Awbridge, Romsey, Hampshire",https://www.rightmove.co.uk/properties/149560703#/?channel=RES_BUY,https://media.rightmove.co.uk:443/dir/crop/10:9-16:9/9k/8764/149560703/8764_ROM230587_IMG_00_0000_max_476x317.jpeg,N/A,N,NULL,N,NULL,0
150406223,4 bedroom detached house for sale,"£795,000","Winchester Hill, Romsey, Hampshire",https://www.rightmove.co.uk/properties/150406223#/?channel=RES_BUY,https://media.rightmove.co.uk:443/dir/crop/10:9-16:9/9k/8764/150406223/8764_ROM240107_IMG_00_0000_max_476x317.jpeg,N/A,N,NULL,N,NULL,0
144727718,6 bedroom detached house for sale,"£750,000","Tate Close, Romsey, Hampshire",https://www.rightmove.co.uk/properties/144727718#/?channel=RES_BUY,https://media.rightmove.co.uk:443/dir/crop/10:9-16:9/9k/8764/144727718/8764_ROM240097_IMG_00_0000_max_476x317.jpeg,N/A,N,NULL,N,NULL,0
148050929,4 bedroom house for sale,"£750,000","Danes Road, Awbridge, Romsey, Hampshire",https://www.rightmove.co.uk/properties/148050929#/?channel=RES_BUY,https://media.rightmove.co.uk:443/dir/crop/10:9-16:9/9k/8764/148050929/8764_ROM240217_IMG_00_0000_max_476x317.jpeg,N/A,N,NULL,N,NULL,0
144059036,4 bedroom detached house for sale,"£750,000","Winchester Hill, Romsey, Hampshire",https://www.rightmove.co.uk/properties/144059036#/?channel=RES_BUY,https://media.rightmove.co.uk:443/dir/crop/10:9-16:9/9k/8764/144059036/8764_ROM240061_IMG_00_0000_max_476x317.jpeg,N/A,N,NULL,N,NULL,0
147813560,6 bedroom detached house for sale,"£750,000","Foster Way, Romsey, Hampshire",https://www.rightmove.co.uk/properties/147813560#/?channel=RES_BUY,https://media.rightmove.co.uk:443/dir/crop/10:9-16:9/9k/8764/147813560/8764_ROM240220_IMG_00_0000_max_476x317.jpeg,N/A,N,NULL,N,NULL,0
144969308,5 bedroom detached house for sale,"£750,000","Magnolia Walk, Romsey, Hampshire",https://www.rightmove.co.uk/properties/144969308#/?channel=RES_BUY,https://media.rightmove.co.uk:443/dir/crop/10:9-16:9/9k/8764/144969308/8764_ROM240065_IMG_22_0000_max_476x317.jpeg,N/A,N,NULL,N,NULL,0
150824006,5 bedroom detached house for sale,"£750,000","Richmond Lane, Romsey, Hampshire",https://www.rightmove.co.uk/properties/150824006#/?channel=RES_BUY,https://media.rightmove.co.uk:443/dir/crop/10:9-16:9/9k/8764/150824006/8764_ROM240421_IMG_00_0000_max_476x317.jpeg,N/A,N,NULL,N,NULL,0
143550707,3 bedroom detached house for sale,"£745,000","Lyndhurst Road, Landford, Salisbury, Wiltshire",https://www.rightmove.co.uk/properties/143550707#/?channel=RES_BUY,https://media.rightmove.co.uk:443/dir/crop/10:9-16:9/9k/8764/143550707/8764_ROM240032_IMG_17_0001_max_476x317.jpeg,N/A,N,NULL,N,NULL,0
149891033,4 bedroom detached house for sale,"£735,000","Horseshoe Drive, Romsey, Hampshire",https://www.rightmove.co.uk/properties/149891033#/?channel=RES_BUY,https://media.rightmove.co.uk:443/dir/crop/10:9-16:9/9k/8764/149891033/8764_ROM240377_IMG_00_0000_max_476x317.jpeg,N/A,N,NULL,N,NULL,0
148071248,5 bedroom detached house for sale,"£735,000","Nutshalling Avenue, Rownhams, Southampton, Hampshire",https://www.rightmove.co.uk/properties/148071248#/?channel=RES_BUY,https://media.rightmove.co.uk:443/dir/crop/10:9-16:9/9k/8764/148071248/8764_ROM230406_IMG_00_0000_max_476x317.jpeg,N/A,N,NULL,N,NULL,0
136877108,5 bedroom detached house for sale,"£700,000","Betteridge Drive, Rownhams, Southampton, Hampshire",https://www.rightmove.co.uk/properties/136877108#/?channel=RES_BUY,https://media.rightmove.co.uk:443/dir/crop/10:9-16:9/9k/8764/136877108/8764_ROM180322_IMG_18_0000_max_476x317.jpeg,N/A,N,NULL,N,NULL,0
145039217,3 bedroom detached bungalow for sale,"£600,000","Carters Clay, Lockerley, Romsey",https://www.rightmove.co.uk/properties/145039217#/?channel=RES_BUY,https://media.rightmove.co.uk:443/dir/crop/10:9-16:9/9k/8764/145039217/8764_ROM230493_IMG_11_0000_max_476x317.jpeg,N/A,N,NULL,N,NULL,0
86934816,4 bedroom detached bungalow for sale,"£700,000","Crampmoor Lane, Crampmoor, Romsey, Hampshire",https://www.rightmove.co.uk/properties/86934816#/?channel=RES_BUY,https://media.rightmove.co.uk:443/dir/crop/10:9-16:9/9k/8764/86934816/8764_ROM230564_IMG_00_0000_max_476x317.jpeg,N/A,N,NULL,N,NULL,0
148238957,6 bedroom detached house for sale,"£700,000","Chivers Road, Romsey, Hampshire",https://www.rightmove.co.uk/properties/148238957#/?channel=RES_BUY,https://media.rightmove.co.uk:443/dir/crop/10:9-16:9/9k/8764/148238957/8764_ROM240275_IMG_11_0000_max_476x317.jpeg,N/A,N,NULL,N,NULL,0
141028121,3 bedroom detached bungalow for sale,"£695,000","Romsey Road, East Wellow, Romsey",https://www.rightmove.co.uk/properties/141028121#/?channel=RES_BUY,https://media.rightmove.co.uk:443/dir/crop/10:9-16:9/9k/8764/141028121/8764_ROM210458_IMG_00_0000_max_476x317.jpeg,N/A,N,NULL,N,NULL,0
146397689,4 bedroom detached house for sale,"£695,000","Horseshoe Drive, Romsey, Hampshire",https://www.rightmove.co.uk/properties/146397689#/?channel=RES_BUY,https://media.rightmove.co.uk:443/dir/crop/10:9-16:9/9k/8764/146397689/8764_ROM240187_IMG_00_0000_max_476x317.jpeg,N/A,N,NULL,N,NULL,0
150973496,4 bedroom detached house for sale,"£695,000","Oxlease Close, Romsey, Hampshire",https://www.rightmove.co.uk/properties/150973496#/?channel=RES_BUY,https://media.rightmove.co.uk:443/dir/crop/10:9-16:9/9k/8764/150973496/8764_ROM240426_IMG_00_0000_max_476x317.jpeg,N/A,N,NULL,N,NULL,0
150708146,4 bedroom detached house for sale,"£670,000","Peel Close, Romsey, Hampshire",https://www.rightmove.co.uk/properties/150708146#/?channel=RES_BUY,https://media.rightmove.co.uk:443/dir/crop/10:9-16:9/9k/8764/150708146/8764_ROM240327_IMG_00_0000_max_476x317.jpeg,N/A,N,NULL,N,NULL,0
138714794,4 bedroom detached house for sale,"£650,000","Elm Tree Gardens, Romsey",https://www.rightmove.co.uk/properties/138714794#/?channel=RES_BUY,https://media.rightmove.co.uk:443/dir/crop/10:9-16:9/9k/8764/138714794/8764_ROM210168_IMG_16_0000_max_476x317.jpeg,N/A,N,NULL,N,NULL,0
150755513,5 bedroom detached house for sale,"£650,000","Chambers Close, Nursling, Southampton, Hampshire",https://www.rightmove.co.uk/properties/150755513#/?channel=RES_BUY,https://media.rightmove.co.uk:443/dir/crop/10:9-16:9/9k/8764/150755513/8764_ROM240415_IMG_19_0000_max_476x317.jpeg,N/A,N,NULL,N,NULL,0
149096882,3 bedroom detached house for sale,"£640,000","Botley Road, Romsey, Hampshire",https://www.rightmove.co.uk/properties/149096882#/?channel=RES_BUY,https://media.rightmove.co.uk:443/dir/crop/10:9-16:9/9k/8764/149096882/8764_ROM240331_IMG_00_0000_max_476x317.jpeg,N/A,N,NULL,N,NULL,0
149014943,3 bedroom detached house for sale,"£625,000","Botley Road, Romsey, Hampshire",https://www.rightmove.co.uk/properties/149014943#/?channel=RES_BUY,https://media.rightmove.co.uk:443/dir/crop/10:9-16:9/9k/8764/149014943/8764_ROM240333_IMG_00_0000_max_476x317.jpeg,N/A,N,NULL,N,NULL,0
142414418,4 bedroom detached house for sale,"£625,000","Horseshoe Drive, Romsey, Hampshire",https://www.rightmove.co.uk/properties/142414418#/?channel=RES_BUY,https://media.rightmove.co.uk:443/dir/crop/10:9-16:9/9k/8764/142414418/8764_ROM190365_IMG_18_0001_max_476x317.jpeg,N/A,N,NULL,N,NULL,0
149210621,4 bedroom detached bungalow for sale,"£620,000","Woodley Lane, Romsey, Hampshire",https://www.rightmove.co.uk/properties/149210621#/?channel=RES_BUY,https://media.rightmove.co.uk:443/dir/crop/10:9-16:9/9k/8764/149210621/8764_ROM230601_IMG_00_0000_max_476x317.jpeg,N/A,N,NULL,N,NULL,0
149046359,3 bedroom detached house for sale,"£615,000","Botley Road, Romsey, Hampshire",https://www.rightmove.co.uk/properties/149046359#/?channel=RES_BUY,https://media.rightmove.co.uk:443/dir/crop/10:9-16:9/9k/8764/149046359/8764_ROM240332_IMG_00_0000_max_476x317.jpeg,N/A,N,NULL,N,NULL,0
145083266,4 bedroom detached house for sale,"£600,000","Laurence Mews, Romsey, Hampshire",https://www.rightmove.co.uk/properties/145083266#/?channel=RES_BUY,https://media.rightmove.co.uk:443/dir/crop/10:9-16:9/9k/8764/145083266/8764_ROM230582_IMG_15_0000_max_476x317.jpeg,N/A,N,NULL,N,NULL,0
147705809,3 bedroom detached bungalow for sale,"£600,000","Canada Road, West Wellow, Romsey, Hampshire",https://www.rightmove.co.uk/properties/147705809#/?channel=RES_BUY,https://media.rightmove.co.uk:443/dir/crop/10:9-16:9/9k/8764/147705809/8764_ROM240261_IMG_00_0000_max_476x317.jpeg,N/A,N,NULL,N,NULL,0
145700279,3 bedroom detached bungalow for sale,"£600,000","Old Lyndhurst Road, Cadnam, Southampton, Hampshire",https://www.rightmove.co.uk/properties/145700279#/?channel=RES_BUY,https://media.rightmove.co.uk:443/dir/crop/10:9-16:9/9k/8764/145700279/8764_ROM240143_IMG_00_0000_max_476x317.jpeg,N/A,N,NULL,N,NULL,0
144782444,4 bedroom detached house for sale,"£600,000","Westbroke Gardens, Romsey, Hampshire",https://www.rightmove.co.uk/properties/144782444#/?channel=RES_BUY,https://media.rightmove.co.uk:443/dir/crop/10:9-16:9/9k/8764/144782444/8764_ROM230605_IMG_00_0000_max_476x317.jpeg,N/A,N,NULL,N,NULL,0
86538789,4 bedroom detached house for sale,"£600,000","Wynyards Gap, North Baddesley, Southampton, Hampshire",https://www.rightmove.co.uk/properties/86538789#/?channel=RES_BUY,https://media.rightmove.co.uk:443/dir/crop/10:9-16:9/9k/8764/86538789/8764_ROM230088_IMG_00_0000_max_476x317.jpeg,N/A,N,NULL,N,NULL,0
143675336,4 bedroom semi-detached house for sale,"£600,000","Casbrook Field, Upper Timsbury, Romsey",https://www.rightmove.co.uk/properties/143675336#/?channel=RES_BUY,https://media.rightmove.co.uk:443/dir/crop/10:9-16:9/9k/8764/143675336/8764_ROM210165_IMG_00_0000_max_476x317.jpeg,N/A,N,NULL,N,NULL,0
144791645,4 bedroom detached house for sale,"£600,000","St. Barbe Close, Romsey, Hampshire",https://www.rightmove.co.uk/properties/144791645#/?channel=RES_BUY,https://media.rightmove.co.uk:443/dir/crop/10:9-16:9/9k/8764/144791645/8764_ROM230229_IMG_00_0000_max_476x317.jpeg,N/A,N,NULL,N,NULL,0
148892630,3 bedroom detached house for sale,"£600,000","Pollards Moor Road, Copythorne, Southampton, Hampshire",https://www.rightmove.co.uk/properties/148892630#/?channel=RES_BUY,https://media.rightmove.co.uk:443/dir/crop/10:9-16:9/9k/8764/148892630/8764_ROM240294_IMG_00_0000_max_476x317.jpeg,N/A,N,NULL,N,NULL,0
146012189,4 bedroom detached house for sale,"£600,000","Ganger Farm Way, Ampfield, Romsey, Hampshire",https://www.rightmove.co.uk/properties/146012189#/?channel=RES_BUY,https://media.rightmove.co.uk:443/dir/crop/10:9-16:9/9k/8764/146012189/8764_ROM240182_IMG_12_0002_max_476x317.jpeg,N/A,N,NULL,N,NULL,0
143735186,4 bedroom end of terrace house for sale,"£600,000","Riverside Gardens, Romsey, Hampshire",https://www.rightmove.co.uk/properties/143735186#/?channel=RES_BUY,https://media.rightmove.co.uk:443/dir/crop/10:9-16:9/9k/8764/143735186/8764_ROM200103_IMG_14_0000_max_476x317.jpeg,N/A,N,NULL,N,NULL,0
147182069,3 bedroom detached house for sale,"£599,000","Pound Hill, Landford, Salisbury, Wiltshire",https://www.rightmove.co.uk/properties/147182069#/?channel=RES_BUY,https://media.rightmove.co.uk:443/dir/crop/10:9-16:9/9k/8764/147182069/8764_ROM240228_IMG_14_0000_max_476x317.jpeg,N/A,N,NULL,N,NULL,0
144409952,4 bedroom detached house for sale,"£585,000","Campion Drive, Romsey, Hampshire",https://www.rightmove.co.uk/properties/144409952#/?channel=RES_BUY,https://media.rightmove.co.uk:443/dir/crop/10:9-16:9/9k/8764/144409952/8764_ROM230129_IMG_00_0000_max_476x317.jpeg,N/A,N,NULL,N,NULL,0
144067772,5 bedroom detached house for sale,"£575,000","Salisbury Road, Shootash, Romsey, Hampshire",https://www.rightmove.co.uk/properties/144067772#/?channel=RES_BUY,https://media.rightmove.co.uk:443/dir/crop/10:9-16:9/9k/8764/144067772/8764_ROM230267_IMG_19_0000_max_476x317.jpeg,N/A,N,NULL,N,NULL,0
86502951,4 bedroom detached house for sale,"£575,000","Hurricane Drive, Rownhams, Southampton, Hampshire",https://www.rightmove.co.uk/properties/86502951#/?channel=RES_BUY,https://media.rightmove.co.uk:443/dir/crop/10:9-16:9/9k/8764/86502951/8764_ROM230469_IMG_00_0000_max_476x317.jpeg,N/A,N,NULL,N,NULL,0
146050199,2 bedroom apartment for sale,"£575,000","Mortimer Drive, Romsey, Hampshire",https://www.rightmove.co.uk/properties/146050199#/?channel=RES_BUY,https://media.rightmove.co.uk:443/dir/crop/10:9-16:9/9k/8764/146050199/8764_ROM240170_IMG_00_0000_max_476x317.jpeg,N/A,N,NULL,N,NULL,0
148214558,3 bedroom detached bungalow for sale,"£575,000","Durban Close, Romsey, Hampshire",https://www.rightmove.co.uk/properties/148214558#/?channel=RES_BUY,https://media.rightmove.co.uk:443/dir/crop/10:9-16:9/9k/8764/148214558/8764_ROM230537_IMG_00_0000_max_476x317.jpeg,N/A,N,NULL,N,NULL,0
148344053,4 bedroom detached house for sale,"£550,000","Mount Temple, Romsey, Hampshire",https://www.rightmove.co.uk/properties/148344053#/?channel=RES_BUY,https://media.rightmove.co.uk:443/dir/crop/10:9-16:9/9k/8764/148344053/8764_ROM240297_IMG_00_0000_max_476x317.jpeg,N/A,N,NULL,N,NULL,0
149919500,3 bedroom semi-detached house for sale,"£550,000","Danes Road, Shootash, Romsey, Hampshire",https://www.rightmove.co.uk/properties/149919500#/?channel=RES_BUY,https://media.rightmove.co.uk:443/dir/crop/10:9-16:9/9k/8764/149919500/8764_ROM240285_IMG_00_0000_max_476x317.jpeg,N/A,N,NULL,N,NULL,0
135524423,4 bedroom detached house for sale,"£550,000","Cupernham Lane, Romsey, Hampshire",https://www.rightmove.co.uk/properties/135524423#/?channel=RES_BUY,https://media.rightmove.co.uk:443/dir/crop/10:9-16:9/9k/8764/135524423/8764_ROM220313_IMG_00_0000_max_476x317.jpeg,N/A,N,NULL,N,NULL,0
147866282,4 bedroom detached house for sale,"£550,000","Mount Temple, Romsey, Hampshire",https://www.rightmove.co.uk/properties/147866282#/?channel=RES_BUY,https://media.rightmove.co.uk:443/dir/crop/10:9-16:9/9k/8764/147866282/8764_ROM230561_IMG_00_0000_max_476x317.jpeg,N/A,N,NULL,N,NULL,0
147490538,3 bedroom detached house for sale,"£550,000","Treviglio Close, Romsey, Hampshire",https://www.rightmove.co.uk/properties/147490538#/?channel=RES_BUY,https://media.rightmove.co.uk:443/dir/crop/10:9-16:9/9k/8764/147490538/8764_ROM240208_IMG_00_0000_max_476x317.jpeg,N/A,N,NULL,N,NULL,0
150203825,4 bedroom semi-detached house for sale,"£540,000","Sequoia Lane, Braishfield, Romsey, Hampshire",https://www.rightmove.co.uk/properties/150203825#/?channel=RES_BUY,https://media.rightmove.co.uk:443/dir/crop/10:9-16:9/9k/8764/150203825/8764_ROM240391_IMG_00_0000_max_476x317.jpeg,N/A,N,NULL,N,NULL,0
149388947,4 bedroom detached house for sale,"£540,000","School Road, Romsey, Hampshire",https://www.rightmove.co.uk/properties/149388947#/?channel=RES_BUY,https://media.rightmove.co.uk:443/dir/crop/10:9-16:9/9k/8764/149388947/8764_ROM240340_IMG_00_0000_max_476x317.jpeg,N/A,N,NULL,N,NULL,0
141181541,3 bedroom detached house for sale,"£535,000","Sandy Lane, North Baddesley, Southampton, Hampshire",https://www.rightmove.co.uk/properties/141181541#/?channel=RES_BUY,https://media.rightmove.co.uk:443/dir/crop/10:9-16:9/9k/8764/141181541/8764_ROM230233_IMG_00_0000_max_476x317.jpeg,N/A,N,NULL,N,NULL,0
146627057,4 bedroom detached house for sale,"£525,000","Butlers Close, Lockerley, Romsey, Hampshire",https://www.rightmove.co.uk/properties/146627057#/?channel=RES_BUY,https://media.rightmove.co.uk:443/dir/crop/10:9-16:9/9k/8764/146627057/8764_ROM180127_IMG_00_0000_max_476x317.jpeg,N/A,N,NULL,N,NULL,0
150841898,3 bedroom semi-detached house for sale,"£525,000","Mill Lane, Nursling, Southampton, Hampshire",https://www.rightmove.co.uk/properties/150841898#/?channel=RES_BUY,https://media.rightmove.co.uk:443/dir/crop/10:9-16:9/9k/8764/150841898/8764_ROM240390_IMG_00_0000_max_476x317.jpeg,N/A,N,NULL,N,NULL,0
144828473,4 bedroom detached house for sale,"£525,000","Hunters Crescent, Totton, Southampton, Hampshire",https://www.rightmove.co.uk/properties/144828473#/?channel=RES_BUY,https://media.rightmove.co.uk:443/dir/crop/10:9-16:9/9k/8764/144828473/8764_ROM240113_IMG_00_0000_max_476x317.jpeg,N/A,N,NULL,N,NULL,0
147636257,3 bedroom detached house for sale,"£525,000","Treviglio Close, Romsey, Hampshire",https://www.rightmove.co.uk/properties/147636257#/?channel=RES_BUY,https://media.rightmove.co.uk:443/dir/crop/10:9-16:9/9k/8764/147636257/8764_ROM240246_IMG_00_0000_max_476x317.jpeg,N/A,N,NULL,N,NULL,0
145299719,4 bedroom detached house for sale,"£525,000","Ganger Farm Way, Ampfield, Romsey, Hampshire",https://www.rightmove.co.uk/properties/145299719#/?channel=RES_BUY,https://media.rightmove.co.uk:443/dir/crop/10:9-16:9/9k/8764/145299719/8764_ROM230148_IMG_00_0000_max_476x317.jpeg,N/A,N,NULL,N,NULL,0
150941000,3 bedroom detached house for sale,"£525,000","Canal Close, Romsey, Hampshire",https://www.rightmove.co.uk/properties/150941000#/?channel=RES_BUY,https://media.rightmove.co.uk:443/dir/crop/10:9-16:9/9k/8764/150941000/8764_ROM180493_IMG_00_0000_max_476x317.jpeg,N/A,N,NULL,N,NULL,0
145494260,3 bedroom semi-detached house for sale,"£525,000","East Dean, Salisbury, Hampshire",https://www.rightmove.co.uk/properties/145494260#/?channel=RES_BUY,https://media.rightmove.co.uk:443/dir/crop/10:9-16:9/9k/8764/145494260/8764_ROM230012_IMG_00_0000_max_476x317.jpeg,N/A,N,NULL,N,NULL,0
148490561,3 bedroom semi-detached house for sale,"£525,000","East Dean Road, Lockerley, Romsey, Hampshire",https://www.rightmove.co.uk/properties/148490561#/?channel=RES_BUY,https://media.rightmove.co.uk:443/dir/crop/10:9-16:9/9k/8764/148490561/8764_ROM240148_IMG_00_0000_max_476x317.jpeg,N/A,N,NULL,N,NULL,0
141914594,4 bedroom detached house for sale,"£520,000","Hedgerow Close, Rownhams, Southampton, Hampshire",https://www.rightmove.co.uk/properties/141914594#/?channel=RES_BUY,https://media.rightmove.co.uk:443/dir/crop/10:9-16:9/9k/8764/141914594/8764_ROM230509_IMG_00_0000_max_476x317.jpeg,N/A,N,NULL,N,NULL,0
144154316,4 bedroom detached house for sale,"£520,000","Hedgerow Close, Rownhams, Southampton, Hampshire",https://www.rightmove.co.uk/properties/144154316#/?channel=RES_BUY,https://media.rightmove.co.uk:443/dir/crop/10:9-16:9/9k/8764/144154316/8764_ROM220211_IMG_00_0000_max_476x317.jpeg,N/A,N,NULL,N,NULL,0
149890733,2 bedroom detached house for sale,"£375,000","Rownhams Lane, North Baddesley, Southampton, Hampshire",https://www.rightmove.co.uk/properties/149890733#/?channel=RES_BUY,https://media.rightmove.co.uk:443/dir/crop/10:9-16:9/9k/8764/149890733/8764_ROM240376_IMG_14_0000_max_476x317.jpeg,N/A,N,NULL,N,NULL,0
131246549,2 bedroom detached house for sale,"£500,000","Newton Lane, Romsey, Hampshire",https://www.rightmove.co.uk/properties/131246549#/?channel=RES_BUY,https://media.rightmove.co.uk:443/dir/crop/10:9-16:9/9k/8764/131246549/8764_ROM220504_IMG_00_0000_max_476x317.jpeg,N/A,N,NULL,N,NULL,0
86834244,4 bedroom detached house for sale,"£500,000","Bodding Avenue, Nursling, Southampton, Hampshire",https://www.rightmove.co.uk/properties/86834244#/?channel=RES_BUY,https://media.rightmove.co.uk:443/dir/crop/10:9-16:9/9k/8764/86834244/8764_ROM240202_IMG_00_0001_max_476x317.jpeg,N/A,N,NULL,N,NULL,0
148341455,4 bedroom end of terrace house for sale,"£500,000","Sequoia Lane, Romsey, Hampshire",https://www.rightmove.co.uk/properties/148341455#/?channel=RES_BUY,https://media.rightmove.co.uk:443/dir/crop/10:9-16:9/9k/8764/148341455/8764_ROM240301_IMG_15_0000_max_476x317.jpeg,N/A,N,NULL,N,NULL,0
150129422,4 bedroom detached bungalow for sale,"£500,000","Salisbury Road, Shootash, Romsey, Hampshire",https://www.rightmove.co.uk/properties/150129422#/?channel=RES_BUY,https://media.rightmove.co.uk:443/dir/crop/10:9-16:9/9k/8764/150129422/8764_ROM240384_IMG_00_0000_max_476x317.jpeg,N/A,N,NULL,N,NULL,0
143708792,4 bedroom detached house for sale,"£500,000","Southampton Road, Cadnam, Southampton, Hampshire",https://www.rightmove.co.uk/properties/143708792#/?channel=RES_BUY,https://media.rightmove.co.uk:443/dir/crop/10:9-16:9/9k/8764/143708792/8764_ROM240003_IMG_00_0000_max_476x317.jpeg,N/A,N,NULL,N,NULL,0
150505058,3 bedroom terraced house for sale,"£500,000","Winchester Road, Romsey, Hampshire",https://www.rightmove.co.uk/properties/150505058#/?channel=RES_BUY,https://media.rightmove.co.uk:443/dir/crop/10:9-16:9/9k/8764/150505058/8764_ROM240368_IMG_00_0000_max_476x317.jpeg,N/A,N,NULL,N,NULL,0
148178057,5 bedroom semi-detached bungalow for sale,"£500,000","Rosslyn Close, North Baddesley, Southampton, Hampshire",https://www.rightmove.co.uk/properties/148178057#/?channel=RES_BUY,https://media.rightmove.co.uk:443/dir/crop/10:9-16:9/9k/8764/148178057/8764_ROM210525_IMG_01_0000_max_476x317.jpeg,N/A,N,NULL,N,NULL,0
144381038,3 bedroom end of terrace house for sale,"£500,000","Newton Lane, Romsey, Hampshire",https://www.rightmove.co.uk/properties/144381038#/?channel=RES_BUY,https://media.rightmove.co.uk:443/dir/crop/10:9-16:9/9k/8764/144381038/8764_ROM230079_IMG_00_0000_max_476x317.jpeg,N/A,N,NULL,N,NULL,0
145966322,3 bedroom detached bungalow for sale,"£500,000","Carisbrooke Court, Romsey, Hampshire",https://www.rightmove.co.uk/properties/145966322#/?channel=RES_BUY,https://media.rightmove.co.uk:443/dir/crop/10:9-16:9/9k/8764/145966322/8764_ROM230121_IMG_00_0000_max_476x317.jpeg,N/A,N,NULL,N,NULL,0
148479986,3 bedroom detached house for sale,"£500,000","Westbroke Gardens, Romsey, Hampshire",https://www.rightmove.co.uk/properties/148479986#/?channel=RES_BUY,https://media.rightmove.co.uk:443/dir/crop/10:9-16:9/9k/8764/148479986/8764_ROM240302_IMG_00_0000_max_476x317.jpeg,N/A,N,NULL,N,NULL,0
146056748,3 bedroom semi-detached house for sale,"£500,000","Newton Lane, Whiteparish, Salisbury, Wiltshire",https://www.rightmove.co.uk/properties/146056748#/?channel=RES_BUY,https://media.rightmove.co.uk:443/dir/crop/10:9-16:9/9k/8764/146056748/8764_ROM210513_IMG_00_0000_max_476x317.jpeg,N/A,N,NULL,N,NULL,0
150070271,3 bedroom detached house for sale,"£495,000","Sequoia Lane, Romsey, Hampshire",https://www.rightmove.co.uk/properties/150070271#/?channel=RES_BUY,https://media.rightmove.co.uk:443/dir/crop/10:9-16:9/9k/8764/150070271/8764_ROM240388_IMG_00_0000_max_476x317.jpeg,N/A,N,NULL,N,NULL,0
144737750,4 bedroom detached house for sale,"£490,000","Benedict Close, Romsey, Hampshire",https://www.rightmove.co.uk/properties/144737750#/?channel=RES_BUY,https://media.rightmove.co.uk:443/dir/crop/10:9-16:9/9k/8764/144737750/8764_ROM240111_IMG_00_0000_max_476x317.jpeg,N/A,N,NULL,N,NULL,0
150202724,3 bedroom semi-detached house for sale,"£480,000","Sequoia Lane, Romsey, Hampshire",https://www.rightmove.co.uk/properties/150202724#/?channel=RES_BUY,https://media.rightmove.co.uk:443/dir/crop/10:9-16:9/9k/8764/150202724/8764_ROM240393_IMG_00_0000_max_476x317.jpeg,N/A,N,NULL,N,NULL,0
146502026,3 bedroom bungalow for sale,"£480,000","Spring Gardens, North Baddesley, Southampton, Hampshire",https://www.rightmove.co.uk/properties/146502026#/?channel=RES_BUY,https://media.rightmove.co.uk:443/dir/crop/10:9-16:9/9k/8764/146502026/8764_ROM240201_IMG_00_0000_max_476x317.jpeg,N/A,N,NULL,N,NULL,0
150514265,3 bedroom detached house for sale,"£480,000","Sequoia Lane, Romsey, Hampshire",https://www.rightmove.co.uk/properties/150514265#/?channel=RES_BUY,https://media.rightmove.co.uk:443/dir/crop/10:9-16:9/9k/8764/150514265/8764_ROM240412_IMG_00_0000_max_476x317.jpeg,N/A,N,NULL,N,NULL,0
149524700,3 bedroom detached bungalow for sale,"£475,000","Kingsclere Road, Whitchurch, Hampshire",https://www.rightmove.co.uk/properties/149524700#/?channel=RES_BUY,https://media.rightmove.co.uk:443/dir/crop/10:9-16:9/9k/8764/149524700/8764_ROM230157_IMG_00_0000_max_476x317.jpeg,N/A,N,NULL,N,NULL,0
141175025,2 bedroom detached bungalow for sale,"£475,000","Partridge Hill, Landford, Salisbury, Wiltshire",https://www.rightmove.co.uk/properties/141175025#/?channel=RES_BUY,https://media.rightmove.co.uk:443/dir/crop/10:9-16:9/9k/8764/141175025/8764_ROM230534_IMG_00_0000_max_476x317.jpeg,N/A,N,NULL,N,NULL,0
150860672,3 bedroom detached bungalow for sale,"£475,000","Salisbury Road, West Wellow, Romsey, Hampshire",https://www.rightmove.co.uk/properties/150860672#/?channel=RES_BUY,https://media.rightmove.co.uk:443/dir/crop/10:9-16:9/9k/8764/150860672/8764_ROM240406_IMG_00_0000_max_476x317.jpeg,N/A,N,NULL,N,NULL,0
150407414,5 bedroom semi-detached house for sale,"£475,000","Tottehale Close, North Baddesley, Hampshire",https://www.rightmove.co.uk/properties/150407414#/?channel=RES_BUY,https://media.rightmove.co.uk:443/dir/crop/10:9-16:9/9k/8764/150407414/8764_ROM160390_IMG_00_0000_max_476x317.jpeg,N/A,N,NULL,N,NULL,0
146544728,4 bedroom detached house for sale,"£475,000","Watley Close, Nursling, Southampton, Hampshire",https://www.rightmove.co.uk/properties/146544728#/?channel=RES_BUY,https://media.rightmove.co.uk:443/dir/crop/10:9-16:9/9k/8764/146544728/8764_ROM240195_IMG_00_0000_max_476x317.jpeg,N/A,N,NULL,N,NULL,0
140953982,2 bedroom detached bungalow for sale,"£475,000","Kooyong Close, East Wellow, Romsey, Hampshire",https://www.rightmove.co.uk/properties/140953982#/?channel=RES_BUY,https://media.rightmove.co.uk:443/dir/crop/10:9-16:9/9k/8764/140953982/8764_ROM230299_IMG_13_0000_max_476x317.jpeg,N/A,N,NULL,N,NULL,0
150013685,3 bedroom semi-detached house for sale,"£475,000","Hop Gardens, Whiteparish, Salisbury, Wiltshire",https://www.rightmove.co.uk/properties/150013685#/?channel=RES_BUY,https://media.rightmove.co.uk:443/dir/crop/10:9-16:9/9k/8764/150013685/8764_ROM240345_IMG_00_0000_max_476x317.jpeg,N/A,N,NULL,N,NULL,0
143738924,3 bedroom detached house for sale,"£450,000","Doris Bunting Road, Ampfield, Romsey, Hampshire",https://www.rightmove.co.uk/properties/143738924#/?channel=RES_BUY,https://media.rightmove.co.uk:443/dir/crop/10:9-16:9/9k/8764/143738924/8764_ROM230174_IMG_00_0000_max_476x317.jpeg,N/A,N,NULL,N,NULL,0
86777892,3 bedroom semi-detached house for sale,"£450,000","Northlands Road, Romsey",https://www.rightmove.co.uk/properties/86777892#/?channel=RES_BUY,https://media.rightmove.co.uk:443/dir/crop/10:9-16:9/9k/8764/86777892/8764_ROM210189_IMG_00_0000_max_476x317.jpeg,N/A,N,NULL,N,NULL,0
144794444,3 bedroom detached bungalow for sale,"£450,000","Dibble Drive, North Baddesley, Southampton, Hampshire",https://www.rightmove.co.uk/properties/144794444#/?channel=RES_BUY,https://media.rightmove.co.uk:443/dir/crop/10:9-16:9/9k/8764/144794444/8764_ROM230415_IMG_00_0000_max_476x317.jpeg,N/A,N,NULL,N,NULL,0
149337731,2 bedroom apartment for sale,"£450,000","Newton Lane, Romsey, Hampshire",https://www.rightmove.co.uk/properties/149337731#/?channel=RES_BUY,https://media.rightmove.co.uk:443/dir/crop/10:9-16:9/9k/8764/149337731/8764_ROM240344_IMG_00_0000_max_476x317.jpeg,N/A,N,NULL,N,NULL,0
143965010,3 bedroom semi-detached house for sale,"£450,000","Winchester Road, Romsey, Hampshire",https://www.rightmove.co.uk/properties/143965010#/?channel=RES_BUY,https://media.rightmove.co.uk:443/dir/crop/10:9-16:9/9k/8764/143965010/8764_ROM230461_IMG_00_0000_max_476x317.jpeg,N/A,N,NULL,N,NULL,0
146503160,5 bedroom semi-detached house for sale,"£450,000","Withers Road, Romsey, Hampshire",https://www.rightmove.co.uk/properties/146503160#/?channel=RES_BUY,https://media.rightmove.co.uk:443/dir/crop/10:9-16:9/9k/8764/146503160/8764_ROM200348_IMG_17_0000_max_476x317.jpeg,N/A,N,NULL,N,NULL,0
145142738,4 bedroom semi-detached house for sale,"£450,000","The Thicket, Romsey, Hampshire",https://www.rightmove.co.uk/properties/145142738#/?channel=RES_BUY,https://media.rightmove.co.uk:443/dir/crop/10:9-16:9/9k/8764/145142738/8764_ROM230170_IMG_00_0000_max_476x317.jpeg,N/A,N,NULL,N,NULL,0
145160621,3 bedroom detached house for sale,"£450,000","Walnut Close, Braishfield, Romsey, Hampshire",https://www.rightmove.co.uk/properties/145160621#/?channel=RES_BUY,https://media.rightmove.co.uk:443/dir/crop/10:9-16:9/9k/8764/145160621/8764_ROM240108_IMG_00_0000_max_476x317.jpeg,N/A,N,NULL,N,NULL,0
147539597,3 bedroom terraced house for sale,"£450,000","Botley Road, Romsey, Hampshire",https://www.rightmove.co.uk/properties/147539597#/?channel=RES_BUY,https://media.rightmove.co.uk:443/dir/crop/10:9-16:9/9k/8764/147539597/8764_ROM230294_IMG_00_0000_max_476x317.jpeg,N/A,N,NULL,N,NULL,0
147435854,4 bedroom detached house for sale,"£450,000","Brookfields, West Wellow, Romsey, Hampshire",https://www.rightmove.co.uk/properties/147435854#/?channel=RES_BUY,https://media.rightmove.co.uk:443/dir/crop/10:9-16:9/9k/8764/147435854/8764_ROM230005_IMG_16_0000_max_476x317.jpeg,N/A,N,NULL,N,NULL,0
148405202,3 bedroom detached house for sale,"£450,000","Doris Bunting Road, Ampfield, Romsey, Hampshire",https://www.rightmove.co.uk/properties/148405202#/?channel=RES_BUY,https://media.rightmove.co.uk:443/dir/crop/10:9-16:9/9k/8764/148405202/8764_ROM220457_IMG_00_0000_max_476x317.jpeg,N/A,N,NULL,N,NULL,0
146932205,4 bedroom semi-detached house for sale,"£450,000","Ganger Farm Way, Ampfield, Romsey, Hampshire",https://www.rightmove.co.uk/properties/146932205#/?channel=RES_BUY,https://media.rightmove.co.uk:443/dir/crop/10:9-16:9/9k/8764/146932205/8764_ROM240112_IMG_00_0000_max_476x317.jpeg,N/A,N,NULL,N,NULL,0
147636464,3 bedroom detached bungalow for sale,"£445,000","Crescent Road, North Baddesley, Southampton, Hampshire",https://www.rightmove.co.uk/properties/147636464#/?channel=RES_BUY,https://media.rightmove.co.uk:443/dir/crop/10:9-16:9/9k/8764/147636464/8764_ROM220109_IMG_00_0000_max_476x317.jpeg,N/A,N,NULL,N,NULL,0
147846038,3 bedroom terraced house for sale,"£440,000","The Hundred, Romsey, Hampshire",https://www.rightmove.co.uk/properties/147846038#/?channel=RES_BUY,https://media.rightmove.co.uk:443/dir/crop/10:9-16:9/9k/8764/147846038/8764_ROM240264_IMG_14_0000_max_476x317.jpeg,N/A,N,NULL,N,NULL,0
133832441,4 bedroom detached house for sale,"£440,000","Jeffries Close, Rownhams, Southampton, Hampshire",https://www.rightmove.co.uk/properties/133832441#/?channel=RES_BUY,https://media.rightmove.co.uk:443/dir/crop/10:9-16:9/9k/8764/133832441/8764_ROM220179_IMG_30_0000_max_476x317.jpeg,N/A,N,NULL,N,NULL,0
147610193,3 bedroom link detached house for sale,"£425,000","Westering, Romsey, Hampshire",https://www.rightmove.co.uk/properties/147610193#/?channel=RES_BUY,https://media.rightmove.co.uk:443/dir/crop/10:9-16:9/9k/8764/147610193/8764_ROM240206_IMG_00_0000_max_476x317.jpeg,N/A,N,NULL,N,NULL,0
140002757,3 bedroom semi-detached house for sale,"£425,000","Northlands Road, Romsey, Hampshire",https://www.rightmove.co.uk/properties/140002757#/?channel=RES_BUY,https://media.rightmove.co.uk:443/dir/crop/10:9-16:9/9k/8764/140002757/8764_ROM230464_IMG_00_0000_max_476x317.jpeg,N/A,N,NULL,N,NULL,0
144840824,3 bedroom detached bungalow for sale,"£425,000","Waterside Road, Romsey, Hampshire",https://www.rightmove.co.uk/properties/144840824#/?channel=RES_BUY,https://media.rightmove.co.uk:443/dir/crop/10:9-16:9/9k/8764/144840824/8764_ROM220261_IMG_09_0000_max_476x317.jpeg,N/A,N,NULL,N,NULL,0
146276858,3 bedroom link detached house for sale,"£425,000","Hunters Crescent, Romsey, Hampshire",https://www.rightmove.co.uk/properties/146276858#/?channel=RES_BUY,https://media.rightmove.co.uk:443/dir/crop/10:9-16:9/9k/8764/146276858/8764_ROM230480_IMG_00_0000_max_476x317.jpeg,N/A,N,NULL,N,NULL,0
142372313,3 bedroom link detached house for sale,"£425,000","Westering, Romsey, Hampshire",https://www.rightmove.co.uk/properties/142372313#/?channel=RES_BUY,https://media.rightmove.co.uk:443/dir/crop/10:9-16:9/9k/8764/142372313/8764_ROM220196_IMG_01_0000_max_476x317.jpeg,N/A,N,NULL,N,NULL,0
143709950,4 bedroom semi-detached house for sale,"£425,000","Emmett Road, Rownhams, Southampton, Hampshire",https://www.rightmove.co.uk/properties/143709950#/?channel=RES_BUY,https://media.rightmove.co.uk:443/dir/crop/10:9-16:9/9k/8764/143709950/8764_ROM240025_IMG_00_0000_max_476x317.jpeg,N/A,N,NULL,N,NULL,0
146042759,2 bedroom end of terrace house for sale,"£425,000","Bell Court, Romsey, Hampshire",https://www.rightmove.co.uk/properties/146042759#/?channel=RES_BUY,https://media.rightmove.co.uk:443/dir/crop/10:9-16:9/9k/8764/146042759/8764_ROM240083_IMG_00_0000_max_476x317.jpeg,N/A,N,NULL,N,NULL,0
142016423,3 bedroom end of terrace house for sale,"£425,000","Wyndham Drive, Romsey, Hampshire",https://www.rightmove.co.uk/properties/142016423#/?channel=RES_BUY,https://media.rightmove.co.uk:443/dir/crop/10:9-16:9/9k/8764/142016423/8764_ROM230546_IMG_00_0000_max_476x317.jpeg,N/A,N,NULL,N,NULL,0
146791961,3 bedroom link detached house for sale,"£425,000","Cutforth Way, Romsey, Hampshire",https://www.rightmove.co.uk/properties/146791961#/?channel=RES_BUY,https://media.rightmove.co.uk:443/dir/crop/10:9-16:9/9k/8764/146791961/8764_ROM240110_IMG_00_0000_max_476x317.jpeg,N/A,N,NULL,N,NULL,0
86832696,3 bedroom semi-detached house for sale,"£425,000","Tadburn Road, Romsey, Hampshire",https://www.rightmove.co.uk/properties/86832696#/?channel=RES_BUY,https://media.rightmove.co.uk:443/dir/crop/10:9-16:9/9k/8764/86832696/8764_ROM240079_IMG_00_0000_max_476x317.jpeg,N/A,N,NULL,N,NULL,0
145483652,3 bedroom detached bungalow for sale,"£420,000","Crescent Road, North Baddesley, Southampton, Hampshire",https://www.rightmove.co.uk/properties/145483652#/?channel=RES_BUY,https://media.rightmove.co.uk:443/dir/crop/10:9-16:9/9k/8764/145483652/8764_ROM230092_IMG_00_0000_max_476x317.jpeg,N/A,N,NULL,N,NULL,0
142145708,3 bedroom semi-detached house for sale,"£415,000","Halterworth Close, Romsey, Hampshire",https://www.rightmove.co.uk/properties/142145708#/?channel=RES_BUY,https://media.rightmove.co.uk:443/dir/crop/10:9-16:9/9k/8764/142145708/8764_ROM230551_IMG_00_0000_max_476x317.jpeg,N/A,N,NULL,N,NULL,0
149747738,3 bedroom detached house for sale,"£415,000","Rowan Close, Romsey, Hampshire",https://www.rightmove.co.uk/properties/149747738#/?channel=RES_BUY,https://media.rightmove.co.uk:443/dir/crop/10:9-16:9/9k/8764/149747738/8764_ROM240303_IMG_00_0000_max_476x317.jpeg,N/A,N,NULL,N,NULL,0
145625123,2 bedroom detached bungalow for sale,"£400,000","Upton Crescent, Nursling, Southampton, Hampshire",https://www.rightmove.co.uk/properties/145625123#/?channel=RES_BUY,https://media.rightmove.co.uk:443/dir/crop/10:9-16:9/9k/8764/145625123/8764_ROM240047_IMG_00_0000_max_476x317.jpeg,N/A,N,NULL,N,NULL,0
148613159,2 bedroom terraced house for sale,"£400,000","Middlebridge Street, Romsey, Hampshire",https://www.rightmove.co.uk/properties/148613159#/?channel=RES_BUY,https://media.rightmove.co.uk:443/dir/crop/10:9-16:9/9k/8764/148613159/8764_ROM240123_IMG_00_0000_max_476x317.jpeg,N/A,N,NULL,N,NULL,0
144620120,3 bedroom semi-detached house for sale,"£400,000","Petty Close, Romsey, Hampshire",https://www.rightmove.co.uk/properties/144620120#/?channel=RES_BUY,https://media.rightmove.co.uk:443/dir/crop/10:9-16:9/9k/8764/144620120/8764_ROM180568_IMG_12_0000_max_476x317.jpeg,N/A,N,NULL,N,NULL,0
147970049,3 bedroom end of terrace house for sale,"£400,000","Minchin Road, Romsey, Hampshire",https://www.rightmove.co.uk/properties/147970049#/?channel=RES_BUY,https://media.rightmove.co.uk:443/dir/crop/10:9-16:9/9k/8764/147970049/8764_ROM240027_IMG_00_0000_max_476x317.jpeg,N/A,N,NULL,N,NULL,0
148392713,3 bedroom end of terrace house for sale,"£400,000","Mitchells Close, Romsey, Hampshire",https://www.rightmove.co.uk/properties/148392713#/?channel=RES_BUY,https://media.rightmove.co.uk:443/dir/crop/10:9-16:9/9k/8764/148392713/8764_ROM190045_IMG_00_0000_max_476x317.jpeg,N/A,N,NULL,N,NULL,0
149210420,3 bedroom semi-detached house for sale,"£400,000","Withy Close, Romsey, Hampshire",https://www.rightmove.co.uk/properties/149210420#/?channel=RES_BUY,https://media.rightmove.co.uk:443/dir/crop/10:9-16:9/9k/8764/149210420/8764_ROM240313_IMG_13_0000_max_476x317.jpeg,N/A,N,NULL,N,NULL,0
148328717,3 bedroom semi-detached house for sale,"£400,000","Cutforth Way, Romsey, Hampshire",https://www.rightmove.co.uk/properties/148328717#/?channel=RES_BUY,https://media.rightmove.co.uk:443/dir/crop/10:9-16:9/9k/8764/148328717/8764_ROM240289_IMG_00_0000_max_476x317.jpeg,N/A,N,NULL,N,NULL,0
150205037,3 bedroom semi-detached house for sale,"£399,000","Salisbury Road, Sherfield English, Romsey, Hampshire",https://www.rightmove.co.uk/properties/150205037#/?channel=RES_BUY,https://media.rightmove.co.uk:443/dir/crop/10:9-16:9/9k/8764/150205037/8764_ROM240347_IMG_00_0000_max_476x317.jpeg,N/A,N,NULL,N,NULL,0
148405028,3 bedroom detached bungalow for sale,"£395,000","Upton Crescent, Nursling, Southampton, Hampshire",https://www.rightmove.co.uk/properties/148405028#/?channel=RES_BUY,https://media.rightmove.co.uk:443/dir/crop/10:9-16:9/9k/8764/148405028/8764_ROM240276_IMG_00_0000_max_476x317.jpeg,N/A,N,NULL,N,NULL,0
129968075,2 bedroom apartment for sale,"£395,000","Abbotswood Common Road, Romsey, Hampshire",https://www.rightmove.co.uk/properties/129968075#/?channel=RES_BUY,https://media.rightmove.co.uk:443/dir/crop/10:9-16:9/9k/8764/129968075/8764_ROM220508_IMG_00_0000_max_476x317.jpeg,N/A,N,NULL,N,NULL,0
143285804,2 bedroom apartment for sale,"£395,000","Abbotswood Common Road, Romsey, Hampshire",https://www.rightmove.co.uk/properties/143285804#/?channel=RES_BUY,https://media.rightmove.co.uk:443/dir/crop/10:9-16:9/9k/8764/143285804/8764_ROM230608_IMG_09_0000_max_476x317.jpeg,N/A,N,NULL,N,NULL,0
147304448,3 bedroom semi-detached house for sale,"£390,000","Baddesley Close, North Baddesley, Southampton, Hampshire",https://www.rightmove.co.uk/properties/147304448#/?channel=RES_BUY,https://media.rightmove.co.uk:443/dir/crop/10:9-16:9/9k/8764/147304448/8764_ROM240154_IMG_00_0000_max_476x317.jpeg,N/A,N,NULL,N,NULL,0
147074498,2 bedroom terraced house for sale,"£390,000","Cherville Mews, Romsey, Hampshire",https://www.rightmove.co.uk/properties/147074498#/?channel=RES_BUY,https://media.rightmove.co.uk:443/dir/crop/10:9-16:9/9k/8764/147074498/8764_ROM150229_IMG_00_0000_max_476x317.jpeg,N/A,N,NULL,N,NULL,0
148754192,2 bedroom end of terrace house for sale,"£385,000","Horseshoe Drive, Romsey, Hampshire",https://www.rightmove.co.uk/properties/148754192#/?channel=RES_BUY,https://media.rightmove.co.uk:443/dir/crop/10:9-16:9/9k/8764/148754192/8764_ROM230466_IMG_00_0000_max_476x317.jpeg,N/A,N,NULL,N,NULL,0
148031297,3 bedroom semi-detached house for sale,"£385,000","Kennett Road, Romsey, Hampshire",https://www.rightmove.co.uk/properties/148031297#/?channel=RES_BUY,https://media.rightmove.co.uk:443/dir/crop/10:9-16:9/9k/8764/148031297/8764_ROM240269_IMG_00_0000_max_476x317.jpeg,N/A,N,NULL,N,NULL,0
144840866,3 bedroom end of terrace house for sale,"£375,000","Chivers Road, Romsey, Hampshire",https://www.rightmove.co.uk/properties/144840866#/?channel=RES_BUY,https://media.rightmove.co.uk:443/dir/crop/10:9-16:9/9k/8764/144840866/8764_ROM240088_IMG_00_0000_max_476x317.jpeg,N/A,N,NULL,N,NULL,0
150908012,3 bedroom semi-detached house for sale,"£375,000","Calmore Crescent, Calmore, Southampton, Hampshire",https://www.rightmove.co.uk/properties/150908012#/?channel=RES_BUY,https://media.rightmove.co.uk:443/dir/crop/10:9-16:9/9k/8764/150908012/8764_ROM240395_IMG_00_0000_max_476x317.jpeg,N/A,N,NULL,N,NULL,0
145370915,3 bedroom semi-detached house for sale,"£375,000","Ringwood Drive, North Baddesley, Southampton, Hampshire",https://www.rightmove.co.uk/properties/145370915#/?channel=RES_BUY,https://media.rightmove.co.uk:443/dir/crop/10:9-16:9/9k/8764/145370915/8764_ROM240136_IMG_00_0000_max_476x317.jpeg,N/A,N,NULL,N,NULL,0
149610473,3 bedroom terraced house for sale,"£375,000","Riverside Gardens, Romsey, Hampshire",https://www.rightmove.co.uk/properties/149610473#/?channel=RES_BUY,https://media.rightmove.co.uk:443/dir/crop/10:9-16:9/9k/8764/149610473/8764_ROM240271_IMG_00_0000_max_476x317.jpeg,N/A,N,NULL,N,NULL,0
149210498,3 bedroom detached house for sale,"£375,000","Ashfield View, North Baddesley, Southampton, Hampshire",https://www.rightmove.co.uk/properties/149210498#/?channel=RES_BUY,https://media.rightmove.co.uk:443/dir/crop/10:9-16:9/9k/8764/149210498/8764_ROM230143_IMG_00_0000_max_476x317.jpeg,N/A,N,NULL,N,NULL,0
150873551,2 bedroom apartment for sale,"£280,000","Latimer Street, Romsey, Hampshire",https://www.rightmove.co.uk/properties/150873551#/?channel=RES_BUY,https://media.rightmove.co.uk:443/dir/crop/10:9-16:9/9k/8764/150873551/8764_ROM230578_IMG_00_0000_max_476x317.jpeg,N/A,N,NULL,N,NULL,0
146827325,3 bedroom semi-detached house for sale,"£375,000","Ringwood Drive, North Baddesley, Southampton, Hampshire",https://www.rightmove.co.uk/properties/146827325#/?channel=RES_BUY,https://media.rightmove.co.uk:443/dir/crop/10:9-16:9/9k/8764/146827325/8764_ROM240225_IMG_00_0000_max_476x317.jpeg,N/A,N,NULL,N,NULL,0
143834855,3 bedroom semi-detached bungalow for sale,"£375,000","Lockerley Green, Lockerley, Romsey, Hampshire",https://www.rightmove.co.uk/properties/143834855#/?channel=RES_BUY,https://media.rightmove.co.uk:443/dir/crop/10:9-16:9/9k/8764/143834855/8764_ROM240015_IMG_00_0000_max_476x317.jpeg,N/A,N,NULL,N,NULL,0
146230673,3 bedroom semi-detached house for sale,"£375,000","Ringwood Drive, North Baddesley, Southampton, Hampshire",https://www.rightmove.co.uk/properties/146230673#/?channel=RES_BUY,https://media.rightmove.co.uk:443/dir/crop/10:9-16:9/9k/8764/146230673/8764_ROM220450_IMG_13_0000_max_476x317.jpeg,N/A,N,NULL,N,NULL,0
149505695,3 bedroom semi-detached house for sale,"£365,000","Cutforth Way, Romsey, Hampshire",https://www.rightmove.co.uk/properties/149505695#/?channel=RES_BUY,https://media.rightmove.co.uk:443/dir/crop/10:9-16:9/9k/8764/149505695/8764_ROM240262_IMG_00_0000_max_476x317.jpeg,N/A,N,NULL,N,NULL,0
145868900,4 bedroom semi-detached house for sale,"£365,000","Oakwood Close, Romsey, Hampshire",https://www.rightmove.co.uk/properties/145868900#/?channel=RES_BUY,https://media.rightmove.co.uk:443/dir/crop/10:9-16:9/9k/8764/145868900/8764_ROM230589_IMG_19_0000_max_476x317.jpeg,N/A,N,NULL,N,NULL,0
148535180,3 bedroom semi-detached house for sale,"£365,000","Tarver Close, Romsey, Hampshire",https://www.rightmove.co.uk/properties/148535180#/?channel=RES_BUY,https://media.rightmove.co.uk:443/dir/crop/10:9-16:9/9k/8764/148535180/8764_ROM240268_IMG_00_0000_max_476x317.jpeg,N/A,N,NULL,N,NULL,0
150253640,3 bedroom terraced house for sale,"£365,000","Holyborne Road, Romsey, Hampshire",https://www.rightmove.co.uk/properties/150253640#/?channel=RES_BUY,https://media.rightmove.co.uk:443/dir/crop/10:9-16:9/9k/8764/150253640/8764_ROM240305_IMG_00_0000_max_476x317.jpeg,N/A,N,NULL,N,NULL,0
149154914,3 bedroom terraced house for sale,"£350,000","Winchester Road, Romsey, Hampshire",https://www.rightmove.co.uk/properties/149154914#/?channel=RES_BUY,https://media.rightmove.co.uk:443/dir/crop/10:9-16:9/9k/8764/149154914/8764_ROM240324_IMG_00_0000_max_476x317.jpeg,N/A,N,NULL,N,NULL,0
141030203,3 bedroom semi-detached house for sale,"£350,000","Linden Walk, North Baddesley, Southampton, Hampshire",https://www.rightmove.co.uk/properties/141030203#/?channel=RES_BUY,https://media.rightmove.co.uk:443/dir/crop/10:9-16:9/9k/8764/141030203/8764_ROM230510_IMG_00_0000_max_476x317.jpeg,N/A,N,NULL,N,NULL,0
148001636,3 bedroom semi-detached house for sale,"£350,000","Ashdown Way, Romsey, Hampshire",https://www.rightmove.co.uk/properties/148001636#/?channel=RES_BUY,https://media.rightmove.co.uk:443/dir/crop/10:9-16:9/9k/8764/148001636/8764_ROM070436_IMG_00_0000_max_476x317.jpeg,N/A,N,NULL,N,NULL,0
147426701,2 bedroom end of terrace house for sale,"£350,000","Cherville Street, Romsey, Hampshire",https://www.rightmove.co.uk/properties/147426701#/?channel=RES_BUY,https://media.rightmove.co.uk:443/dir/crop/10:9-16:9/9k/8764/147426701/8764_ROM220436_IMG_00_0000_max_476x317.jpeg,N/A,N,NULL,N,NULL,0
144828782,3 bedroom terraced house for sale,"£350,000","Lawes Walk, Minchin Road, Romsey, Hampshire",https://www.rightmove.co.uk/properties/144828782#/?channel=RES_BUY,https://media.rightmove.co.uk:443/dir/crop/10:9-16:9/9k/8764/144828782/8764_ROM230428_IMG_28_0000_max_476x317.jpeg,N/A,N,NULL,N,NULL,0
150469133,2 bedroom detached house for sale,"£350,000","Street End, North Baddesley, Southampton",https://www.rightmove.co.uk/properties/150469133#/?channel=RES_BUY,https://media.rightmove.co.uk:443/dir/crop/10:9-16:9/9k/8764/150469133/8764_ROM200626_IMG_00_0000_max_476x317.jpeg,N/A,N,NULL,N,NULL,0
144809753,3 bedroom semi-detached house for sale,"£350,000","Field Close, Romsey, Hampshire",https://www.rightmove.co.uk/properties/144809753#/?channel=RES_BUY,https://media.rightmove.co.uk:443/dir/crop/10:9-16:9/9k/8764/144809753/8764_ROM240098_IMG_00_0001_max_476x317.jpeg,N/A,N,NULL,N,NULL,0
140335919,3 bedroom semi-detached house for sale,"£350,000","Anton Close, Romsey, Hampshire",https://www.rightmove.co.uk/properties/140335919#/?channel=RES_BUY,https://media.rightmove.co.uk:443/dir/crop/10:9-16:9/9k/8764/140335919/8764_ROM230432_IMG_00_0000_max_476x317.jpeg,N/A,N,NULL,N,NULL,0
144861374,1 bedroom apartment for sale,"£350,000","Duttons Road, Romsey, Hampshire",https://www.rightmove.co.uk/properties/144861374#/?channel=RES_BUY,https://media.rightmove.co.uk:443/dir/crop/10:9-16:9/9k/8764/144861374/8764_ROM240026_IMG_00_0000_max_476x317.jpeg,N/A,N,NULL,N,NULL,0
86707854,3 bedroom semi-detached house for sale,"£350,000","Armada Close, Rownhams, Southampton, Hampshire",https://www.rightmove.co.uk/properties/86707854#/?channel=RES_BUY,https://media.rightmove.co.uk:443/dir/crop/10:9-16:9/9k/8764/86707854/8764_ROM240008_IMG_00_0000_max_476x317.jpeg,N/A,N,NULL,N,NULL,0
141606185,2 bedroom apartment for sale,"£350,000","Duttons Road, Romsey, Hampshire",https://www.rightmove.co.uk/properties/141606185#/?channel=RES_BUY,https://media.rightmove.co.uk:443/dir/crop/10:9-16:9/9k/8764/141606185/8764_ROM230530_IMG_00_0000_max_476x317.jpeg,N/A,N,NULL,N,NULL,0
147047429,3 bedroom detached house for sale,"£350,000","Lansdowne Gardens, Romsey, Hampshire",https://www.rightmove.co.uk/properties/147047429#/?channel=RES_BUY,https://media.rightmove.co.uk:443/dir/crop/10:9-16:9/9k/8764/147047429/8764_ROM240172_IMG_15_0000_max_476x317.jpeg,N/A,N,NULL,N,NULL,0
139947938,2 bedroom semi-detached house for sale,"£350,000","Saunders Lane, Awbridge, Romsey, Hampshire",https://www.rightmove.co.uk/properties/139947938#/?channel=RES_BUY,https://media.rightmove.co.uk:443/dir/crop/10:9-16:9/9k/8764/139947938/8764_ROM230379_IMG_21_0000_max_476x317.jpeg,N/A,N,NULL,N,NULL,0
138191783,3 bedroom end of terrace house for sale,"£350,000","Furze Drive, Romsey, Hampshire",https://www.rightmove.co.uk/properties/138191783#/?channel=RES_BUY,https://media.rightmove.co.uk:443/dir/crop/10:9-16:9/9k/8764/138191783/8764_ROM230230_IMG_00_0000_max_476x317.jpeg,N/A,N,NULL,N,NULL,0
142253351,3 bedroom semi-detached house for sale,"£350,000","Barley Hill, Dunbridge, Romsey, Hampshire",https://www.rightmove.co.uk/properties/142253351#/?channel=RES_BUY,https://media.rightmove.co.uk:443/dir/crop/10:9-16:9/9k/8764/142253351/8764_ROM230570_IMG_00_0000_max_476x317.jpeg,N/A,N,NULL,N,NULL,0
146810549,2 bedroom end of terrace house for sale,"£350,000","Withy Close, Romsey, Hampshire",https://www.rightmove.co.uk/properties/146810549#/?channel=RES_BUY,https://media.rightmove.co.uk:443/dir/crop/10:9-16:9/9k/8764/146810549/8764_ROM240224_IMG_00_0000_max_476x317.jpeg,N/A,N,NULL,N,NULL,0
146863313,2 bedroom bungalow for sale,"£350,000","Morleys Green, Ampfield, Romsey, Hampshire",https://www.rightmove.co.uk/properties/146863313#/?channel=RES_BUY,https://media.rightmove.co.uk:443/dir/crop/10:9-16:9/9k/8764/146863313/8764_ROM240190_IMG_16_0000_max_476x317.jpeg,N/A,N,NULL,N,NULL,0
150350036,1 bedroom apartment for sale,"£340,000","Duttons Road, Romsey, Hampshire",https://www.rightmove.co.uk/properties/150350036#/?channel=RES_BUY,https://media.rightmove.co.uk:443/dir/crop/10:9-16:9/9k/8764/150350036/8764_ROM240398_IMG_00_0000_max_476x317.jpeg,N/A,N,NULL,N,NULL,0
145371008,3 bedroom semi-detached house for sale,"£340,000","Linden Walk, North Baddesley, Southampton, Hampshire",https://www.rightmove.co.uk/properties/145371008#/?channel=RES_BUY,https://media.rightmove.co.uk:443/dir/crop/10:9-16:9/9k/8764/145371008/8764_ROM240114_IMG_10_0000_max_476x317.jpeg,N/A,N,NULL,N,NULL,0
149421659,3 bedroom bungalow for sale,"£340,000","Ash Close, North Baddesley, Southampton, Hampshire",https://www.rightmove.co.uk/properties/149421659#/?channel=RES_BUY,https://media.rightmove.co.uk:443/dir/crop/10:9-16:9/9k/8764/149421659/8764_ROM240337_IMG_00_0000_max_476x317.jpeg,N/A,N,NULL,N,NULL,0
149493686,3 bedroom semi-detached house for sale,"£340,000","Alder Close, Romsey, Hampshire",https://www.rightmove.co.uk/properties/149493686#/?channel=RES_BUY,https://media.rightmove.co.uk:443/dir/crop/10:9-16:9/9k/8764/149493686/8764_ROM230356_IMG_00_0000_max_476x317.jpeg,N/A,N,NULL,N,NULL,0
144648731,3 bedroom semi-detached house for sale,"£330,000","Barley Hill, Dunbridge, Romsey, Hampshire",https://www.rightmove.co.uk/properties/144648731#/?channel=RES_BUY,https://media.rightmove.co.uk:443/dir/crop/10:9-16:9/9k/8764/144648731/8764_ROM230562_IMG_13_0000_max_476x317.jpeg,N/A,N,NULL,N,NULL,0
145269695,3 bedroom end of terrace house for sale,"£325,000","Pinewood Close, Romsey, Hampshire",https://www.rightmove.co.uk/properties/145269695#/?channel=RES_BUY,https://media.rightmove.co.uk:443/dir/crop/10:9-16:9/9k/8764/145269695/8764_ROM240086_IMG_00_0000_max_476x317.jpeg,N/A,N,NULL,N,NULL,0
147130034,3 bedroom end of terrace house for sale,"£325,000","Kinver Close, Romsey, Hampshire",https://www.rightmove.co.uk/properties/147130034#/?channel=RES_BUY,https://media.rightmove.co.uk:443/dir/crop/10:9-16:9/9k/8764/147130034/8764_ROM240230_IMG_00_0000_max_476x317.jpeg,N/A,N,NULL,N,NULL,0
144924629,3 bedroom end of terrace house for sale,"£325,000","Sutherland Close, Romsey",https://www.rightmove.co.uk/properties/144924629#/?channel=RES_BUY,https://media.rightmove.co.uk:443/dir/crop/10:9-16:9/9k/8764/144924629/8764_ROM210479_IMG_00_0000_max_476x317.jpeg,N/A,N,NULL,N,NULL,0
150302528,3 bedroom terraced house for sale,"£325,000","The Street, Whiteparish, Salisbury, Wiltshire",https://www.rightmove.co.uk/properties/150302528#/?channel=RES_BUY,https://media.rightmove.co.uk:443/dir/crop/10:9-16:9/9k/8764/150302528/8764_ROM240316_IMG_02_0000_max_476x317.jpeg,N/A,N,NULL,N,NULL,0
144381257,3 bedroom end of terrace house for sale,"£325,000","Dibben Walk, Romsey, Hampshire",https://www.rightmove.co.uk/properties/144381257#/?channel=RES_BUY,https://media.rightmove.co.uk:443/dir/crop/10:9-16:9/9k/8764/144381257/8764_ROM240073_IMG_00_0000_max_476x317.jpeg,N/A,N,NULL,N,NULL,0
143331779,3 bedroom end of terrace house for sale,"£325,000","St. Blaize Road, Romsey, Hampshire",https://www.rightmove.co.uk/properties/143331779#/?channel=RES_BUY,https://media.rightmove.co.uk:443/dir/crop/10:9-16:9/9k/8764/143331779/8764_ROM220204_IMG_00_0000_max_476x317.jpeg,N/A,N,NULL,N,NULL,0
144225644,3 bedroom end of terrace house for sale,"£325,000","Footner Close, Romsey, Hampshire",https://www.rightmove.co.uk/properties/144225644#/?channel=RES_BUY,https://media.rightmove.co.uk:443/dir/crop/10:9-16:9/9k/8764/144225644/8764_ROM160426_IMG_00_0000_max_476x317.jpeg,N/A,N,NULL,N,NULL,0
143799278,3 bedroom terraced house for sale,"£325,000","Beverley Gardens, Romsey, Hampshire",https://www.rightmove.co.uk/properties/143799278#/?channel=RES_BUY,https://media.rightmove.co.uk:443/dir/crop/10:9-16:9/9k/8764/143799278/8764_ROM230533_IMG_00_0000_max_476x317.jpeg,N/A,N,NULL,N,NULL,0
149090651,3 bedroom terraced house for sale,"£325,000","Furze Drive, Romsey, Hampshire",https://www.rightmove.co.uk/properties/149090651#/?channel=RES_BUY,https://media.rightmove.co.uk:443/dir/crop/10:9-16:9/9k/8764/149090651/8764_ROM240341_IMG_15_0000_max_476x317.jpeg,N/A,N,NULL,N,NULL,0
150421361,1 bedroom apartment for sale,"£325,000","Duttons Road, Romsey, Hampshire",https://www.rightmove.co.uk/properties/150421361#/?channel=RES_BUY,https://media.rightmove.co.uk:443/dir/crop/10:9-16:9/9k/8764/150421361/8764_ROM240371_IMG_00_0000_max_476x317.jpeg,N/A,N,NULL,N,NULL,0
150185528,2 bedroom semi-detached house for sale,"£325,000","Foster Way, Romsey, Hampshire",https://www.rightmove.co.uk/properties/150185528#/?channel=RES_BUY,https://media.rightmove.co.uk:443/dir/crop/10:9-16:9/9k/8764/150185528/8764_ROM240382_IMG_14_0000_max_476x317.jpeg,N/A,N,NULL,N,NULL,0
144017051,3 bedroom terraced house for sale,"£325,000","Cavendish Close, Romsey, Hampshire",https://www.rightmove.co.uk/properties/144017051#/?channel=RES_BUY,https://media.rightmove.co.uk:443/dir/crop/10:9-16:9/9k/8764/144017051/8764_ROM240019_IMG_00_0000_max_476x317.jpeg,N/A,N,NULL,N,NULL,0
143809373,3 bedroom end of terrace house for sale,"£325,000","Stapleford Close, Romsey, Hampshire",https://www.rightmove.co.uk/properties/143809373#/?channel=RES_BUY,https://media.rightmove.co.uk:443/dir/crop/10:9-16:9/9k/8764/143809373/8764_ROM240050_IMG_00_0000_max_476x317.jpeg,N/A,N,NULL,N,NULL,0
143381369,2 bedroom end of terrace house for sale,"£325,000","Winchester Road, Romsey, Hampshire",https://www.rightmove.co.uk/properties/143381369#/?channel=RES_BUY,https://media.rightmove.co.uk:443/dir/crop/10:9-16:9/9k/8764/143381369/8764_ROM230515_IMG_00_0000_max_476x317.jpeg,N/A,N,NULL,N,NULL,0
149771867,3 bedroom semi-detached bungalow for sale,"£325,000","Cedar Crescent, North Baddesley, Southampton, Hampshire",https://www.rightmove.co.uk/properties/149771867#/?channel=RES_BUY,https://media.rightmove.co.uk:443/dir/crop/10:9-16:9/9k/8764/149771867/8764_ROM240138_IMG_00_0000_max_476x317.jpeg,N/A,N,NULL,N,NULL,0
145077191,3 bedroom terraced house for sale,"£325,000","Woodlands Gardens, Romsey, Hampshire",https://www.rightmove.co.uk/properties/145077191#/?channel=RES_BUY,https://media.rightmove.co.uk:443/dir/crop/10:9-16:9/9k/8764/145077191/8764_ROM240069_IMG_00_0000_max_476x317.jpeg,N/A,N,NULL,N,NULL,0
142145276,3 bedroom semi-detached bungalow for sale,"£325,000","Juniper Close, North Baddesley, Southampton, Hampshire",https://www.rightmove.co.uk/properties/142145276#/?channel=RES_BUY,https://media.rightmove.co.uk:443/dir/crop/10:9-16:9/9k/8764/142145276/8764_ROM230550_IMG_11_0001_max_476x317.jpeg,N/A,N,NULL,N,NULL,0
143285831,1 bedroom apartment for sale,"£320,000","Abbotswood Common Road, Romsey, Hampshire",https://www.rightmove.co.uk/properties/143285831#/?channel=RES_BUY,https://media.rightmove.co.uk:443/dir/crop/10:9-16:9/9k/8764/143285831/8764_ROM230609_IMG_02_0000_max_476x317.jpeg,N/A,N,NULL,N,NULL,0
145772414,3 bedroom semi-detached house for sale,"£310,000","Halden Close, Romsey, Hampshire",https://www.rightmove.co.uk/properties/145772414#/?channel=RES_BUY,https://media.rightmove.co.uk:443/dir/crop/10:9-16:9/9k/8764/145772414/8764_ROM240129_IMG_00_0000_max_476x317.jpeg,N/A,N,NULL,N,NULL,0
145120733,3 bedroom terraced house for sale,"£310,000","Bracken Close, North Baddesley, Southampton, Hampshire",https://www.rightmove.co.uk/properties/145120733#/?channel=RES_BUY,https://media.rightmove.co.uk:443/dir/crop/10:9-16:9/9k/8764/145120733/8764_ROM240126_IMG_00_0000_max_476x317.jpeg,N/A,N,NULL,N,NULL,0
142204247,3 bedroom terraced house for sale,"£300,000","Footner Close, Romsey, Hampshire",https://www.rightmove.co.uk/properties/142204247#/?channel=RES_BUY,https://media.rightmove.co.uk:443/dir/crop/10:9-16:9/9k/8764/142204247/8764_ROM230516_IMG_00_0000_max_476x317.jpeg,N/A,N,NULL,N,NULL,0
150375032,2 bedroom terraced house for sale,"£300,000","St. Johns Gardens, Romsey, Hampshire",https://www.rightmove.co.uk/properties/150375032#/?channel=RES_BUY,https://media.rightmove.co.uk:443/dir/crop/10:9-16:9/9k/8764/150375032/8764_ROM240326_IMG_00_0000_max_476x317.jpeg,N/A,N,NULL,N,NULL,0
146368367,3 bedroom terraced house for sale,"£300,000","Mercer Way, Romsey, Hampshire",https://www.rightmove.co.uk/properties/146368367#/?channel=RES_BUY,https://media.rightmove.co.uk:443/dir/crop/10:9-16:9/9k/8764/146368367/8764_ROM210501_IMG_00_0000_max_476x317.jpeg,N/A,N,NULL,N,NULL,0
142587008,3 bedroom end of terrace house for sale,"£300,000","Mountbatten Avenue, Romsey, Hampshire",https://www.rightmove.co.uk/properties/142587008#/?channel=RES_BUY,https://media.rightmove.co.uk:443/dir/crop/10:9-16:9/9k/8764/142587008/8764_ROM230577_IMG_00_0000_max_476x317.jpeg,N/A,N,NULL,N,NULL,0
145176257,3 bedroom link detached house for sale,"£300,000","Launcelyn Close, North Baddesley, Southampton, Hampshire",https://www.rightmove.co.uk/properties/145176257#/?channel=RES_BUY,https://media.rightmove.co.uk:443/dir/crop/10:9-16:9/9k/8764/145176257/8764_ROM230116_IMG_00_0000_max_476x317.jpeg,N/A,N,NULL,N,NULL,0
150404387,3 bedroom semi-detached house for sale,"£300,000","Eldon Road, Kings Somborne, Stockbridge, Hampshire",https://www.rightmove.co.uk/properties/150404387#/?channel=RES_BUY,https://media.rightmove.co.uk:443/dir/crop/10:9-16:9/9k/8764/150404387/8764_ROM240387_IMG_00_0000_max_476x317.jpeg,N/A,N,NULL,N,NULL,0
147341993,3 bedroom link detached house for sale,"£300,000","Westering, Romsey",https://www.rightmove.co.uk/properties/147341993#/?channel=RES_BUY,https://media.rightmove.co.uk:443/dir/crop/10:9-16:9/9k/8764/147341993/8764_ROM210141_IMG_00_0000_max_476x317.jpeg,N/A,N,NULL,N,NULL,0
147958562,2 bedroom terraced house for sale,"£300,000","Chivers Road, Romsey",https://www.rightmove.co.uk/properties/147958562#/?channel=RES_BUY,https://media.rightmove.co.uk:443/dir/crop/10:9-16:9/9k/8764/147958562/8764_ROM240252_IMG_00_0000_max_476x317.jpeg,N/A,N,NULL,N,NULL,0
144715118,2 bedroom detached bungalow for sale,"£300,000","Rownhams Lane, North Baddesley, Southampton, Hampshire",https://www.rightmove.co.uk/properties/144715118#/?channel=RES_BUY,https://media.rightmove.co.uk:443/dir/crop/10:9-16:9/9k/8764/144715118/8764_ROM240095_IMG_08_0000_max_476x317.jpeg,N/A,N,NULL,N,NULL,0
150218477,2 bedroom terraced house for sale,"£295,000","Langham Close, North Baddesley, Southampton, Hampshire",https://www.rightmove.co.uk/properties/150218477#/?channel=RES_BUY,https://media.rightmove.co.uk:443/dir/crop/10:9-16:9/9k/8764/150218477/8764_ROM240306_IMG_00_0000_max_476x317.jpeg,N/A,N,NULL,N,NULL,0
149585855,3 bedroom terraced house for sale,"£294,000","Viney Avenue, Romsey, Hampshire",https://www.rightmove.co.uk/properties/149585855#/?channel=RES_BUY,https://media.rightmove.co.uk:443/dir/crop/10:9-16:9/9k/8764/149585855/8764_ROM240361_IMG_13_0000_max_476x317.jpeg,N/A,N,NULL,N,NULL,0
150004502,2 bedroom end of terrace house for sale,"£290,000","Cherville Street, Romsey, Hampshire",https://www.rightmove.co.uk/properties/150004502#/?channel=RES_BUY,https://media.rightmove.co.uk:443/dir/crop/10:9-16:9/9k/8764/150004502/8764_ROM240375_IMG_00_0000_max_476x317.jpeg,N/A,N,NULL,N,NULL,0
149097506,2 bedroom terraced house for sale,"£290,000","Hunters Crescent, Romsey, Hampshire",https://www.rightmove.co.uk/properties/149097506#/?channel=RES_BUY,https://media.rightmove.co.uk:443/dir/crop/10:9-16:9/9k/8764/149097506/8764_ROM240295_IMG_00_0000_max_476x317.jpeg,N/A,N,NULL,N,NULL,0
139329407,3 bedroom terraced house for sale,"£290,000","Bransley Close, Romsey, Hampshire",https://www.rightmove.co.uk/properties/139329407#/?channel=RES_BUY,https://media.rightmove.co.uk:443/dir/crop/10:9-16:9/9k/8764/139329407/8764_ROM230456_IMG_00_0000_max_476x317.jpeg,N/A,N,NULL,N,NULL,0
144843446,1 bedroom semi-detached bungalow for sale,"£285,000","Latham Road, Romsey, Hampshire",https://www.rightmove.co.uk/properties/144843446#/?channel=RES_BUY,https://media.rightmove.co.uk:443/dir/crop/10:9-16:9/9k/8764/144843446/8764_ROM230583_IMG_00_0000_max_476x317.jpeg,N/A,N,NULL,N,NULL,0
148339772,3 bedroom terraced house for sale,"£285,000","Woodley Lane, Romsey, Hampshire",https://www.rightmove.co.uk/properties/148339772#/?channel=RES_BUY,https://media.rightmove.co.uk:443/dir/crop/10:9-16:9/9k/8764/148339772/8764_ROM190454_IMG_13_0000_max_476x317.jpeg,N/A,N,NULL,N,NULL,0
147300845,2 bedroom semi-detached house for sale,"£285,000","Seymour Lane, North Baddesley, Southampton, Hampshire",https://www.rightmove.co.uk/properties/147300845#/?channel=RES_BUY,https://media.rightmove.co.uk:443/dir/crop/10:9-16:9/9k/8764/147300845/8764_ROM230598_IMG_00_0000_max_476x317.jpeg,N/A,N,NULL,N,NULL,0
145085282,3 bedroom terraced house for sale,"£280,000","Fleming Avenue, North Baddesley, Southampton, Hampshire",https://www.rightmove.co.uk/properties/145085282#/?channel=RES_BUY,https://media.rightmove.co.uk:443/dir/crop/10:9-16:9/9k/8764/145085282/8764_ROM230195_IMG_00_0000_max_476x317.jpeg,N/A,N,NULL,N,NULL,0
149610674,2 bedroom end of terrace house for sale,"£280,000","Hunters Crescent, Romsey, Hampshire",https://www.rightmove.co.uk/properties/149610674#/?channel=RES_BUY,https://media.rightmove.co.uk:443/dir/crop/10:9-16:9/9k/8764/149610674/8764_ROM240367_IMG_00_0000_max_476x317.jpeg,N/A,N,NULL,N,NULL,0
138846776,3 bedroom end of terrace house for sale,"£280,000","Bracken Close, North Baddesley, Southampton, Hampshire",https://www.rightmove.co.uk/properties/138846776#/?channel=RES_BUY,https://media.rightmove.co.uk:443/dir/crop/10:9-16:9/9k/8764/138846776/8764_ROM230424_IMG_00_0000_max_476x317.jpeg,N/A,N,NULL,N,NULL,0
151005740,2 bedroom terraced house for sale,"£280,000","Proctor Drive, North Baddesley, Southampton, Hampshire",https://www.rightmove.co.uk/properties/151005740#/?channel=RES_BUY,https://media.rightmove.co.uk:443/dir/crop/10:9-16:9/9k/8764/151005740/8764_ROM190098_IMG_00_0000_max_476x317.jpeg,N/A,N,NULL,N,NULL,0
144709727,2 bedroom terraced house for sale,"£280,000","Langham Close, North Baddesley, Southampton, Hampshire",https://www.rightmove.co.uk/properties/144709727#/?channel=RES_BUY,https://media.rightmove.co.uk:443/dir/crop/10:9-16:9/9k/8764/144709727/8764_ROM230429_IMG_00_0000_max_476x317.jpeg,N/A,N,NULL,N,NULL,0
145434275,3 bedroom semi-detached house for sale,"£280,000","Butts Green, Lockerley, Romsey, Hampshire",https://www.rightmove.co.uk/properties/145434275#/?channel=RES_BUY,https://media.rightmove.co.uk:443/dir/crop/10:9-16:9/9k/8764/145434275/8764_ROM240130_IMG_00_0000_max_476x317.jpeg,N/A,N,NULL,N,NULL,0
132545684,2 bedroom apartment for sale,"£275,000","Middlebridge Street, Romsey, Hampshire",https://www.rightmove.co.uk/properties/132545684#/?channel=RES_BUY,https://media.rightmove.co.uk:443/dir/crop/10:9-16:9/9k/8764/132545684/8764_ROM230118_IMG_11_0000_max_476x317.jpeg,N/A,N,NULL,N,NULL,0
146059580,2 bedroom terraced house for sale,"£275,000","Station Approach, Romsey, Hampshire",https://www.rightmove.co.uk/properties/146059580#/?channel=RES_BUY,https://media.rightmove.co.uk:443/dir/crop/10:9-16:9/9k/8764/146059580/8764_ROM240020_IMG_00_0000_max_476x317.jpeg,N/A,N,NULL,N,NULL,0
144595595,2 bedroom terraced house for sale,"£270,000","Station Approach, Romsey, Hampshire",https://www.rightmove.co.uk/properties/144595595#/?channel=RES_BUY,https://media.rightmove.co.uk:443/dir/crop/10:9-16:9/9k/8764/144595595/8764_ROM240078_IMG_00_0000_max_476x317.jpeg,N/A,N,NULL,N,NULL,0
129968087,1 bedroom apartment for sale,"£270,000","Abbotswood Common Road, Romsey, Hampshire",https://www.rightmove.co.uk/properties/129968087#/?channel=RES_BUY,https://media.rightmove.co.uk:443/dir/crop/10:9-16:9/9k/8764/129968087/8764_ROM220507_IMG_00_0000_max_476x317.jpeg,N/A,N,NULL,N,NULL,0
145899017,1 bedroom apartment for sale,"£267,500","Duttons Road, Romsey, Hampshire",https://www.rightmove.co.uk/properties/145899017#/?channel=RES_BUY,https://media.rightmove.co.uk:443/dir/crop/10:9-16:9/9k/8764/145899017/8764_ROM240160_IMG_00_0000_max_476x317.jpeg,N/A,N,NULL,N,NULL,0
144623030,3 bedroom terraced house for sale,"£265,000","Sutherland Close, Romsey, Hampshire",https://www.rightmove.co.uk/properties/144623030#/?channel=RES_BUY,https://media.rightmove.co.uk:443/dir/crop/10:9-16:9/9k/8764/144623030/8764_ROM240057_IMG_09_0000_max_476x317.jpeg,N/A,N,NULL,N,NULL,0
144759401,2 bedroom apartment for sale,"£260,000","Tadburn Road, Romsey, Hampshire",https://www.rightmove.co.uk/properties/144759401#/?channel=RES_BUY,https://media.rightmove.co.uk:443/dir/crop/10:9-16:9/9k/8764/144759401/8764_ROM240105_IMG_11_0000_max_476x317.jpeg,N/A,N,NULL,N,NULL,0
142741616,2 bedroom end of terrace house for sale,"£260,000","Ganger Road, Romsey, Hampshire",https://www.rightmove.co.uk/properties/142741616#/?channel=RES_BUY,https://media.rightmove.co.uk:443/dir/crop/10:9-16:9/9k/8764/142741616/8764_ROM230588_IMG_00_0000_max_476x317.jpeg,N/A,N,NULL,N,NULL,0
143293817,2 bedroom end of terrace house for sale,"£259,500","Fleming Court, Norton Welch Close, North Baddesley, Southampton",https://www.rightmove.co.uk/properties/143293817#/?channel=RES_BUY,https://media.rightmove.co.uk:443/dir/crop/10:9-16:9/9k/8764/143293817/8764_ROM230539_IMG_00_0000_max_476x317.jpeg,N/A,N,NULL,N,NULL,0
134900078,1 bedroom apartment for sale,"£250,000","Duttons Road, Romsey, Hampshire",https://www.rightmove.co.uk/properties/134900078#/?channel=RES_BUY,https://media.rightmove.co.uk:443/dir/crop/10:9-16:9/9k/8764/134900078/8764_ROM230257_IMG_00_0000_max_476x317.jpeg,N/A,N,NULL,N,NULL,0
143616815,2 bedroom terraced house for sale,"£250,000","Rufus Gardens, Totton, Southampton, Hampshire",https://www.rightmove.co.uk/properties/143616815#/?channel=RES_BUY,https://media.rightmove.co.uk:443/dir/crop/10:9-16:9/9k/8764/143616815/8764_ROM240014_IMG_00_0000_max_476x317.jpeg,N/A,N,NULL,N,NULL,0
149811269,2 bedroom semi-detached house for sale,"£250,000","Minchin Road, Romsey, Hampshire",https://www.rightmove.co.uk/properties/149811269#/?channel=RES_BUY,https://media.rightmove.co.uk:443/dir/crop/10:9-16:9/9k/8764/149811269/8764_ROM240381_IMG_10_0000_max_476x317.jpeg,N/A,N,NULL,N,NULL,0
150453218,2 bedroom apartment for sale,"£245,000","Stevens Road, Eastleigh, Hampshire",https://www.rightmove.co.uk/properties/150453218#/?channel=RES_BUY,https://media.rightmove.co.uk:443/dir/crop/10:9-16:9/9k/8764/150453218/8764_ROM240405_IMG_00_0000_max_476x317.jpeg,N/A,N,NULL,N,NULL,0
148754057,2 bedroom terraced house for sale,"£230,000","Mercury Close, Southampton, Hampshire",https://www.rightmove.co.uk/properties/148754057#/?channel=RES_BUY,https://media.rightmove.co.uk:443/dir/crop/10:9-16:9/9k/8764/148754057/8764_ROM240309_IMG_00_0000_max_476x317.jpeg,N/A,N,NULL,N,NULL,0
149637212,2 bedroom apartment for sale,"£230,000","Howard Road, Southampton, Hampshire",https://www.rightmove.co.uk/properties/149637212#/?channel=RES_BUY,https://media.rightmove.co.uk:443/dir/crop/10:9-16:9/9k/8764/149637212/8764_ROM240356_IMG_00_0000_max_476x317.jpeg,N/A,N,NULL,N,NULL,0
150452414,2 bedroom apartment for sale,"£230,000","Winchester Road, Romsey",https://www.rightmove.co.uk/properties/150452414#/?channel=RES_BUY,https://media.rightmove.co.uk:443/dir/crop/10:9-16:9/9k/8764/150452414/8764_ROM210213_IMG_12_0000_max_476x317.jpeg,N/A,N,NULL,N,NULL,0
148151756,2 bedroom apartment for sale,"£229,500","Montfort Close, Romsey, Hampshire",https://www.rightmove.co.uk/properties/148151756#/?channel=RES_BUY,https://media.rightmove.co.uk:443/dir/crop/10:9-16:9/9k/8764/148151756/8764_ROM240288_IMG_00_0000_max_476x317.jpeg,N/A,N,NULL,N,NULL,0
146135582,2 bedroom apartment for sale,"£220,000","Broadwater Road, Romsey",https://www.rightmove.co.uk/properties/146135582#/?channel=RES_BUY,https://media.rightmove.co.uk:443/dir/crop/10:9-16:9/9k/8764/146135582/8764_ROM210322_IMG_12_0000_max_476x317.jpeg,N/A,N,NULL,N,NULL,0
86488506,2 bedroom apartment for sale,"£220,000","Chilcott Court, North Baddesley, Southampton, Hampshire",https://www.rightmove.co.uk/properties/86488506#/?channel=RES_BUY,https://media.rightmove.co.uk:443/dir/crop/10:9-16:9/9k/8764/86488506/8764_ROM230507_IMG_00_0000_max_476x317.jpeg,N/A,N,NULL,N,NULL,0
145628600,1 bedroom apartment for sale,"£210,000","Conager Close, Nursling, Southampton, Hampshire",https://www.rightmove.co.uk/properties/145628600#/?channel=RES_BUY,https://media.rightmove.co.uk:443/dir/crop/10:9-16:9/9k/8764/145628600/8764_ROM230569_IMG_00_0000_max_476x317.jpeg,N/A,N,NULL,N,NULL,0
134968961,2 bedroom apartment for sale,"£210,000","Broadwater Road, Romsey",https://www.rightmove.co.uk/properties/134968961#/?channel=RES_BUY,https://media.rightmove.co.uk:443/dir/crop/10:9-16:9/9k/8764/134968961/8764_ROM210478_IMG_00_0000_max_476x317.jpeg,N/A,N,NULL,N,NULL,0
150834572,1 bedroom apartment for sale,"£210,000","Latimer Street, Romsey, Hampshire",https://www.rightmove.co.uk/properties/150834572#/?channel=RES_BUY,https://media.rightmove.co.uk:443/dir/crop/10:9-16:9/9k/8764/150834572/8764_ROM240424_IMG_00_0000_max_476x317.jpeg,N/A,N,NULL,N,NULL,0
148001198,1 bedroom apartment for sale,"£200,000","Montfort College, Botley Road, Romsey, Hampshire",https://www.rightmove.co.uk/properties/148001198#/?channel=RES_BUY,https://media.rightmove.co.uk:443/dir/crop/10:9-16:9/9k/8764/148001198/8764_ROM240281_IMG_00_0000_max_476x317.jpeg,N/A,N,NULL,N,NULL,0
121786931,2 bedroom apartment for sale,"£200,000","Broadwater Road, Romsey, Hampshire",https://www.rightmove.co.uk/properties/121786931#/?channel=RES_BUY,https://media.rightmove.co.uk:443/dir/crop/10:9-16:9/9k/8764/121786931/8764_ROM220141_IMG_00_0000_max_476x317.jpeg,N/A,N,NULL,N,NULL,0
138736229,2 bedroom apartment for sale,"£195,000","Lansdowne Gardens, Romsey, Hampshire",https://www.rightmove.co.uk/properties/138736229#/?channel=RES_BUY,https://media.rightmove.co.uk:443/dir/crop/10:9-16:9/9k/8764/138736229/8764_ROM230319_IMG_00_0000_max_476x317.jpeg,N/A,N,NULL,N,NULL,0
147048020,1 bedroom maisonette for sale,"£190,000","Cutforth Way, Romsey, Hampshire",https://www.rightmove.co.uk/properties/147048020#/?channel=RES_BUY,https://media.rightmove.co.uk:443/dir/crop/10:9-16:9/9k/8764/147048020/8764_ROM240211_IMG_00_0000_max_476x317.jpeg,N/A,N,NULL,N,NULL,0
143787749,1 bedroom apartment for sale,"£175,000","Brewery Lane, Romsey, Hampshire",https://www.rightmove.co.uk/properties/143787749#/?channel=RES_BUY,https://media.rightmove.co.uk:443/dir/crop/10:9-16:9/9k/8764/143787749/8764_ROM240051_IMG_00_0000_max_476x317.jpeg,N/A,N,NULL,N,NULL,0
137888819,1 bedroom apartment for sale,"£170,000","Alma Road, Romsey, Hampshire",https://www.rightmove.co.uk/properties/137888819#/?channel=RES_BUY,https://media.rightmove.co.uk:443/dir/crop/10:9-16:9/9k/8764/137888819/8764_ROM230277_IMG_00_0000_max_476x317.jpeg,N/A,N,NULL,N,NULL,0
132031343,1 bedroom apartment for sale,"£165,000","Bridge Road, Romsey, Hampshire",https://www.rightmove.co.uk/properties/132031343#/?channel=RES_BUY,https://media.rightmove.co.uk:443/dir/crop/10:9-16:9/9k/8764/132031343/8764_ROM230070_IMG_08_0000_max_476x317.jpeg,N/A,N,NULL,N,NULL,0
139373624,1 bedroom apartment for sale,"£160,000","Alma Road, Romsey, Hampshire",https://www.rightmove.co.uk/properties/139373624#/?channel=RES_BUY,https://media.rightmove.co.uk:443/dir/crop/10:9-16:9/9k/8764/139373624/8764_ROM230381_IMG_00_0000_max_476x317.jpeg,N/A,N,NULL,N,NULL,0
144277058,1 bedroom apartment for sale,"£160,000","Mill Lane, Romsey, Hampshire",https://www.rightmove.co.uk/properties/144277058#/?channel=RES_BUY,https://media.rightmove.co.uk:443/dir/crop/10:9-16:9/9k/8764/144277058/8764_ROM240006_IMG_00_0000_max_476x317.jpeg,N/A,N,NULL,N,NULL,0
136050119,1 bedroom apartment for sale,"£152,500","Alma Road, Romsey, Hampshire",https://www.rightmove.co.uk/properties/136050119#/?channel=RES_BUY,https://media.rightmove.co.uk:443/dir/crop/10:9-16:9/9k/8764/136050119/8764_ROM220168_IMG_00_0000_max_476x317.jpeg,N/A,N,NULL,N,NULL,0
145160735,1 bedroom apartment for sale,"£150,000","Alma Road, Romsey, Hampshire",https://www.rightmove.co.uk/properties/145160735#/?channel=RES_BUY,https://media.rightmove.co.uk:443/dir/crop/10:9-16:9/9k/8764/145160735/8764_ROM240115_IMG_00_0000_max_476x317.jpeg,N/A,N,NULL,N,NULL,0
138023315,1 bedroom apartment for sale,"£145,000","Bridge Road, Romsey, Hampshire",https://www.rightmove.co.uk/properties/138023315#/?channel=RES_BUY,https://media.rightmove.co.uk:443/dir/crop/10:9-16:9/9k/8764/138023315/8764_ROM230384_IMG_00_0000_max_476x317.jpeg,N/A,N,NULL,N,NULL,0
142979513,1 bedroom apartment for sale,"£135,000","Danebury Way, Nursling, Southampton, Hampshire",https://www.rightmove.co.uk/properties/142979513#/?channel=RES_BUY,https://media.rightmove.co.uk:443/dir/crop/10:9-16:9/9k/8764/142979513/8764_ROM230593_IMG_00_0000_max_476x317.jpeg,N/A,N,NULL,N,NULL,0
150335615,1 bedroom apartment for sale,"£135,000","Kingsmead, Lower Common Road, West Wellow, Romsey",https://www.rightmove.co.uk/properties/150335615#/?channel=RES_BUY,https://media.rightmove.co.uk:443/dir/crop/10:9-16:9/9k/8764/150335615/8764_ROM240389_IMG_00_0000_max_476x317.jpeg,N/A,N,NULL,N,NULL,0
150453263,2 bedroom apartment for sale,"£134,750","Stevens Road, Eastleigh, Hampshire",https://www.rightmove.co.uk/properties/150453263#/?channel=RES_BUY,https://media.rightmove.co.uk:443/dir/crop/10:9-16:9/9k/8764/150453263/8764_ROM240407_IMG_00_0000_max_476x317.jpeg,N/A,N,NULL,N,NULL,0
148056029,1 bedroom apartment for sale,"£130,000","Kingsmead, Lower Common Road, West Wellow, Romsey",https://www.rightmove.co.uk/properties/148056029#/?channel=RES_BUY,https://media.rightmove.co.uk:443/dir/crop/10:9-16:9/9k/8764/148056029/8764_ROM240229_IMG_00_0000_max_476x317.jpeg,N/A,N,NULL,N,NULL,0
141026147,1 bedroom maisonette for sale,"£125,000","Hoe Lane, North Baddesley, Southampton, Hampshire",https://www.rightmove.co.uk/properties/141026147#/?channel=RES_BUY,https://media.rightmove.co.uk:443/dir/crop/10:9-16:9/9k/8764/141026147/8764_ROM230520_IMG_00_0000_max_476x317.jpeg,N/A,N,NULL,N,NULL,0
125980244,1 bedroom apartment for sale,"£125,000","Great Well Drive, Romsey, Hampshire",https://www.rightmove.co.uk/properties/125980244#/?channel=RES_BUY,https://media.rightmove.co.uk:443/dir/crop/10:9-16:9/9k/8764/125980244/8764_ROM220316_IMG_00_0000_max_476x317.jpeg,N/A,N,NULL,N,NULL,0
150067502,1 bedroom apartment for sale,"£120,000","Sutherland Close, Romsey",https://www.rightmove.co.uk/properties/150067502#/?channel=RES_BUY,https://media.rightmove.co.uk:443/dir/crop/10:9-16:9/9k/8764/150067502/8764_ROM240254_IMG_00_0000_max_476x317.jpeg,N/A,N,NULL,N,NULL,0
134455676,1 bedroom apartment for sale,"£120,000","Middlebridge Street, Romsey, Hampshire",https://www.rightmove.co.uk/properties/134455676#/?channel=RES_BUY,https://media.rightmove.co.uk:443/dir/crop/10:9-16:9/9k/8764/134455676/8764_ROM230227_IMG_00_0000_max_476x317.jpeg,N/A,N,NULL,N,NULL,0
145417262,1 bedroom apartment for sale,"£119,000","Sutherland Close, Romsey, Hampshire",https://www.rightmove.co.uk/properties/145417262#/?channel=RES_BUY,https://media.rightmove.co.uk:443/dir/crop/10:9-16:9/9k/8764/145417262/8764_ROM240082_IMG_00_0000_max_476x317.jpeg,N/A,N,NULL,N,NULL,0
144083651,1 bedroom apartment for sale,"£110,000","Sutherland Close, Romsey, Hampshire",https://www.rightmove.co.uk/properties/144083651#/?channel=RES_BUY,https://media.rightmove.co.uk:443/dir/crop/10:9-16:9/9k/8764/144083651/8764_ROM240048_IMG_00_0000_max_476x317.jpeg,N/A,N,NULL,N,NULL,0
140060462,1 bedroom apartment for sale,"£100,000","Alma Road, Romsey, Hampshire",https://www.rightmove.co.uk/properties/140060462#/?channel=RES_BUY,https://media.rightmove.co.uk:443/dir/crop/10:9-16:9/9k/8764/140060462/8764_ROM230250_IMG_00_0000_max_476x317.jpeg,N/A,N,NULL,N,NULL,0
138307631,1 bedroom apartment for sale,"£82,500","Middlebridge Street, Romsey, Hampshire",https://www.rightmove.co.uk/properties/138307631#/?channel=RES_BUY,https://media.rightmove.co.uk:443/dir/crop/10:9-16:9/9k/8764/138307631/8764_ROM230003_IMG_00_0000_max_476x317.jpeg,N/A,N,NULL,N,NULL,0
147432596,1 bedroom apartment for sale,"£80,000","Nightingale House, Great Well Drive, Romsey, Hampshire",https://www.rightmove.co.uk/properties/147432596#/?channel=RES_BUY,https://media.rightmove.co.uk:443/dir/crop/10:9-16:9/9k/8764/147432596/8764_ROM180608_IMG_00_0000_max_476x317.jpeg,N/A,N,NULL,N,NULL,0
